,date,ip属地,评分,comments
0,2023-12-26,江苏,1,差……不会再去第二次
1,2023-12-26,广东,1,碎碎的差点事
2,2023-12-18,安徽,2,一般般 没什么好玩的
3,2023-12-07,江苏,2,不好玩！！
4,2023-11-30,上海,1,门票贵，夜景没什么看的
5,2023-11-20,安徽,1,简直就是垃圾堆 好好的河岸景观塞满了未拆盆的菊花 丑的无法直视 夜景跟鬼片现场没有区别 各种收费各种不消费就赶你走
6,2023-11-20,安徽,1,差到极点的园林设计 随处可见的脏乱差 可以映射出*****的腐败不堪 导游服务态度差 不介绍景观只引导消费 无法接受童年印象里的自然园区被玷污成这样 总体评价 不推荐 不堪入目
7,2023-11-13,江苏,1,拉胯 夜晚演出对不起这个价格 停车费真黑啊
8,2023-11-11,上海,1,不值得再游
9,2023-11-06,北京,2,噩梦呀，导游震天响的扩音器和随意起降伤到人的无人机。。。
10,2023-11-02,上海,2,夜晚别去看夜灯了，}得慌，白天景色还是可以的，有窗不要乘坐外围私人的，去景区里坐
11,2023-11-01,江苏,1,工作人员服务态度超级差，不止瘦西湖这样，这里的整体感觉部友好
12,2023-10-28,江苏,1,666666666
13,2023-10-22,甘肃,1,真别来纯坑…还不如月湖，你要问月湖是啥，我老家县城的一个人造湖
14,2023-10-21,江苏,1,真坑人，从网上看到有说夜游票包含船票的，就买了一个白加黑的联票，本打算下午逛完晚上接着坐船看看夜景，没想到不含船票，就回家了，太累了，白瞎了夜游票，不过看网上说的夜游就是些灯光秀和表演，也没啥意思，千万别买夜游票，太坑了
15,2023-10-21,安徽,1,没意思，跟公园一样，坐船还临时涨价，体验极差
16,2023-10-18,江苏,2,被一个解说员影响心情，变着法的骂人，孩子那会是在那晃树叶，是不对，我因为回复工作信息没看到孩子的行为，你说不能晃，他也走了，他也不是那种调皮捣蛋的孩子，但是你又来了句树有毒，我说树有毒，为什么不提示，你说因为正常人不会碰。这不是变着法骂人，你可以说一般没人碰，我都没意见！那落叶呢，跑这么远出来玩就是让别人来阴阳的，真可笑，没逛完就走了，门票200花的一点都不值，太让人难过了，从来没受过这种委屈，以后再也不会来这玩了，心伤透了
17,2023-10-17,广东,1,买起来很麻烦
18,2023-10-17,浙江,2,非常不值得游览
19,2023-10-15,江苏,1,不值得，都是自动播放，没有人表演很敷衍
20,2023-10-15,江苏,2,票价太离谱，傍晚6点左右就都黑嘘嘘的了，什么都看不清，打卡地石壁流综一个灯都没有，完全抓瞎。其它有节目的地方钓鱼台不让进，说有演员演出，结果就2人一个吹笛一个舞，周围根本没有观节目的地方，除了我们也没有别的观众。只有东出口的水幕有那么点意思，观众也多一点。总之性价比太差，失望瘦西湖
21,2023-10-14,江苏,1,很一般般，不值这个票价
22,2023-10-14,湖北,1,必须差评，我们订了4个人的门票只有一个二维码凭证。因国庆人流量大景区提供车位不足无处停车。只入园3人，另外一张跟商家协商退票不给退。
23,2023-10-14,上海,2,瘦西湖的景色确实是不错，硬件也不错，门票的价格贵每位100元。我们是在下午进园。但被告知下午5点半之后出来要加钱。进去时被这句话扰了好心情！园区吃的很差但价格不便宜。矿泉水咖啡都很贵。如果在高山上，我觉得那个价也值得，但是它在城市中在这个价位，我觉得真的是有点离谱！
24,2023-10-12,江苏,2,太差，门票还贵的要死
25,2023-10-11,江苏,1,就是个小公园
26,2023-10-09,江苏,1,真的没什么风景，地方又小，价格死贵
27,2023-10-08,山东,1,千万别去，道路不好走，出租车拒载。反正不推荐一次够
28,2023-10-06,天津,1,居然还分白天和晚上，白天票晚上不能呆着，这真是**特色，吃相太难看了吧，希望**可以学学山东的旅游部门，别一位的收钱，服务也得跟上
29,2023-10-05,北京,1,门票太贵了，人工湖还要100块钱，这是我去过性价比最低的旅游景点。贵且难看
30,2023-10-05,江苏,2,不值得，水黑绿黑绿的，就两个翻新的亭子，两块人造石头，几朵高速上随处可见的花。景区规划也很差，许多单行道标识不清，一不小心过个桥就不能回头了，只能从起点开始重走，要不就是直接出园。
31,2023-10-05,江苏,1,没注意1.4 以下不要票 以为只要六周岁就买票 门口服务人员也不提醒
32,2023-10-04,江苏,2,景色很好。游船不划算。
33,2023-10-04,江苏,1,绝对不值，逛了公园
34,2023-10-04,江苏,1,太坑了，明明可以抢，扬州还安排逛个公园，看个天鹅
35,2023-10-03,江苏,1,真心不推荐夜游瘦西湖，就是一个坑，还不如白天好玩，能看到全部的风景，晚上出来的时候门口查手环的一个女工作人员态度极差，以后再也不会来了
36,2023-10-02,江苏,2,景色还是很美
37,2023-10-02,江苏,2,走一路全是抽烟的，吸了一路的二手烟。路线游览标识太少。
38,2023-10-02,上海,2,没有什么游乐项目 更多的是散步观景
39,2023-10-02,上海,1,1.酒店服务： 入住很不顺利，既然每个客人规定12点之前退房，那我午饭后入住，为什么没有房间？ 延后退房：延后1小时退房，服务人员说：可以，加半天房费。这种语言内容，让人觉得是事实，但是太嚣张。当下就觉得不会再来 2、酒店环境。 虽然名字是瘦西湖景区，窗口出去，就是一片空旷停车场以及未开发地带。没什么景色可言。 3、早餐 早餐48元，没几个菜，烤个面包，吃个荷包蛋，没什么惊艳度。 不会再来。 4、房间内设施 床很小很小，我家一个大班小朋友睡中间（40斤），就不用再睡大人了。
40,2023-10-01,江苏,1,不值得去，失望
41,2023-10-01,江苏,1,停车困难，人很多，很拥挤，很嘈杂，虽是户外，吵得你脑壳疼。就是花一百块钱门票，去逛个公园。
42,2023-10-01,江苏,1,地方一点都不好玩，什么鬼玩意，还卖这么贵的门票。说实话很不值，而且里面连个工作人员都看不到，坐的地方也找不到一个，一次都不会来了
43,2023-10-01,江苏,1,真的啥也没有，门票区间在20-30比较合理。
44,2023-09-30,山东,1,就是一个普通公园，里面有条河沟，我前几年去时河水浑、脏。特别心疼花了90元门票
45,2023-09-30,江苏,2,体验感很差 买的通票 四点半进去 走一个半小时竟然走出景点 打电话咨询说走的是员工通道 竟然是员工通道为什么没有指示牌 相当于花钱走了个寂寞 忍着再走路半小时走到北门 又说不可以进 让我们再走两公里从东门进 你们设置有问题 最后让游客自己负责 真有意思！真是只负责赚钱 让人厌恶
46,2023-09-27,河南,1,收费很贵。就是一个大公园。还收100块。杭州大西湖比这好100倍。关键还免费。再也不去。不过当地炒饭不错。特别是牛肉炒饭。
47,2023-09-27,江苏,1,在瘦西湖买的联票，景点里写的是古运河船票，结果买了才发现是门票，也是无语。
48,2023-09-27,浙江,1,导游服务不好。态度不好。见人下菜碟。坑人。没什么就是一个大水坑。一个塔。观景就是南方那种湿润气候烟雨蒙蒙。唯一就是晚上风大挺凉快。刷没什么。
49,2023-09-24,江苏,2,北门进去的，进去就有车，环形于若干景点。一个字乱，20块的车费付了以后，两部车都没有坐上，因为这车就像包车一样，跟着来了之后居然还能跟着回去。特别图片上的当值司机，态度恶劣。我已经坐车上了，已经坐上车且购票了。非要说原车来的人要原车回。我只能退票。本来也就是想坐车玩玩的。老实说100块的门票没有性价比。比西湖差太多太多了，而且这种服务意识不知道怎么能排名第一。去过一次就不会去第二次。永远不会推荐朋友去。
50,2023-09-22,山东,1,！！！！！
51,2023-09-22,山东,1,！！！！！
52,2023-09-22,安徽,1,夜游不推荐，对不起这个价钱，
53,2023-09-16,黑龙江,1,携程就是一个垃圾网站，平台就是骗人的。层层倒卖。投诉没有用。
54,2023-09-16,江苏,1,哦和朋友买了学生票检票的小姐姐很严格呢我们拿出了其他景区都能用的学生卡小姐姐说看不到信息可上面的学校专业年级姓名学号照片都齐全呢坚持让我们站在旁边下载学信网软件景区网很差下载了很久好心情从进门开始就消失辣
55,2023-09-08,上海,2,收取100元门票挺贵的，下次过去肯定不会进去了。不知道为啥要收费，一个公园而已！没啥看头。。。 西湖不收费呀 景色好看太多。这个收费理由是啥 是有啥可以看还是可以干啥！
56,2023-09-07,安徽,1,一般般吧，表演的不咋样
57,2023-09-07,江苏,2,没什么好玩的好看的景点，电动船单程票要50一个人，里面的建筑都是茶馆奶茶店，性价比太差
58,2023-09-04,内蒙古,1,性价比很一般
59,2023-09-04,上海,2,服务:极差，大门口的二维码扫描机器识别有问题，同个时间连续扫描说我的码扫描重复，已经被用了，明明拿着身份证和码第一次扫，门口的工作人员不管不顾，让消费者自己想办法，服务态度极其恶劣，不从自身找原因。 景色:一般，就是个大公园。。比不上杭州的西溪湿地，更不谈和西湖比较了;门票100元船票45元，45元也只能坐10分钟，没什么性价比可言。
60,2023-09-02,江苏,1,一点也不值得，晚上门票贵时间还短 大概到9:30就结束了，表演也就那样，没什么新意
61,2023-09-02,上海,1,有这点钱还不如去西湖，不值得推荐，现在一般的小区的景色都能可以媲美，真不知道乾隆皇帝何来眼光去欣赏这景色，不推荐，很是不推荐
62,2023-08-31,浙江,1,内容最多值20元门票，就是一个服务本地的市区级公园.
63,2023-08-29,江苏,1,不好玩 不推荐
64,2023-08-27,山东,2,名气大而已，仅此而已
65,2023-08-27,江苏,2,不值得推荐，门票不低，白天其实没啥意思，买了套钱，大明寺不在景区内，在景区再的5KM，购票大厅也不会提醒大明寺17点后关闭，所以没有去成
66,2023-08-25,江苏,1,非常不值得 ，100多块的门票，看个寂寞，不建议来，坑，表演就2分钟左右结束，太拉垮了
67,2023-08-25,江苏,1,晚上的夜游就是一个坑，一点都不值得，大家慎重！
68,2023-08-23,河北,1,夜游，鸡肋中的极品，几个节目设计的非常牵强，灯光秀而已。
69,2023-08-22,上海,1,120元的夜游门票，携程购买门票时，看到详情介绍有一句是“夜游瘦西湖需全程坐船”就傻傻的以后门票包含了船票，其实进去后坐船还要另外付费，50元/人，很多人挤一艘船，船夫忙着赚钱船开的飞快，全程只有10分钟，差评！夜游景色也很差，黑漆漆的就挂一些灯。从南门出去后，没有公交车（扬州公交车晚上六点末班车，呵呵）打不到车，老人步行两公里回酒店，累死。对扬州太失望了，再也不会去了。
70,2023-08-22,上海,1,120元的夜游门票，携程购买门票时，看到详情介绍有一句是“夜游瘦西湖需全程坐船”就傻傻的以后门票包含了船票，其实进去后坐船还要另外付费，50元/人，很多人挤一艘船，船夫忙着赚钱船开的飞快，全程只有10分钟，差评！夜游景色也很差，黑漆漆的就挂一些灯。从南门出去后，没有公交车（扬州公交车晚上六点末班车，呵呵）打不到车，老人步行两公里回酒店，累死。对扬州太失望了，再也不会去了。
71,2023-08-21,江苏,1,夜晚去看灯光秀，灯光诡异至极，一言难尽…遇上雷阵雨，什么表演都没有，体验感极差。一百多的门票就这？？？属实不值。
72,2023-08-21,江苏,2,可能期望值太高了，游园的兴趣不大，这种园区应该是摆脱门票经济。看了风景也就那样吧，逛了一圈就出来了，也许春天会好点吧。。。
73,2023-08-21,江苏,1,完全无意义的一次游玩，网上推广的夜游西湖，跟进了鬼屋森林一样，黑布隆冬的，就靠一点点灯光作为亮点，真的太垃圾了，120的门票，黑到令人无语，如果实在想去，建议白天去，至少还能清楚的看见树啊，石头啊，园林的风景啊
74,2023-08-20,上海,2,人从众，灯光秀太low了。
75,2023-08-20,江苏,2,景色美不用说，不过7.8月份这个天气每走一步都要找阴凉地，看了攻略说是可以存行李，吃过早饭特意从酒店拿行李准备寄存，结果门口服务台那个男同志和咨询处的中年妇女态度真的太差，问一句话都不耐烦，寄存处不给存小件行李，柜子就那么几个，没有办法带着老人和孩子背着东西就这么尬游，瘦西湖分明就是受罪西湖
76,2023-08-20,山东,1,真的好无聊，还要100元的门票
77,2023-08-20,山东,1,管理混乱！！！
78,2023-08-19,江苏,1,景点检票口对于中小学免费游玩事项没有告之，直接二维码验票操作，且将我买的两个儿童也验票，请协助退票
79,2023-08-19,江苏,1,门票不值得，表演有点敷衍，卖一百的门票纯纯智商税，真的没必要去，不值得
80,2023-08-18,江苏,1,非常差的体验，演出基本都是灯光秀，毫无诚意，照明不足，根本看不到啥
81,2023-08-18,江苏,2,非常无趣，里面的建筑基本都是小卖部，景色也就那样
82,2023-08-18,山东,1,个人觉得瘦西湖不值得玩，110元一个人的门票太贵，其实里面就是一个大公园，那个什么表演居然5分钟都不到就结束了，里面的船票还得另外买的，50元一张(单程的哦)，至于扬州除了免费的东关街还好(里面的个园和其他的小景点另外要买门票)，那个东关古渡坐船船票也很贵哦，(单程船票要100元1张，40分钟左右，提前一天预定大约90元1张)总之扬州给我留
83,2023-08-17,江苏,2,带娃夜游真没啥意思景色都看不清，白天应该好点。
84,2023-08-17,河南,2,人太多，影响观感体验。
85,2023-08-17,河南,2,人太多，大家千万不要节假日前往，尤其五一十一，太影响旅游体验了。
86,2023-08-14,江苏,1,大中院校和儿童免费没有事前声明，白花了钱
87,2023-08-14,江苏,2,电动自驾游船差且贵，救员人员素质差，说话难听，体验很不好，景色不错。
88,2023-08-13,江苏,2,门票不值，性价比太低，就很一般。
89,2023-08-13,江苏,1,120的门票，非常不值得，就一个喷泉表演有点意思，8太尴尬了
90,2023-08-13,江苏,1,就两个字，不值，绝对不值。另外，讲解器就是忽悠人的。
91,2023-08-12,江苏,2,人多人多人多！体验差！空气都变得不清新，除了看人，还是看人！
92,2023-08-12,江苏,1,垃圾的要死，晚上夜游花了240两个人，游船也没高兴排队，太多人了。玩了个寂寞，除了风景其他就是啥都没有。
93,2023-08-12,江苏,1,太坑了，里面黑洞洞的也不好玩，人都能走丢了，灯光都不开，还夜游，真无语，河边都不开灯，人挨着人，夜游千万不要来！！！
94,2023-08-12,江苏,1,花钱买罪受，一塌糊涂。120门票，请我我都不回去了
95,2023-08-12,江苏,1,结束时，你感觉不值。
96,2023-08-10,江苏,2,可以说几乎找不到工作人员问路，进去就是黑乎乎的一片，有的路有灯，有的没灯。想坐车，还坐不到东门。一路很崩溃。
97,2023-08-07,河北,2,黑灯瞎火，一片混乱
98,2023-08-07,上海,1,垃圾、避坑，人多到没法玩。强烈不推荐去！强烈不推荐去！强烈不推荐去！
99,2023-08-05,江苏,1,白天可以，下午进场，晚上出来要加收门票，进门没有任何提醒，出门还要验票，第一次听说这种，一百门票已经够贵了，走了三四个小时晚上黑黢黢的，看不到任何景色，几个灯光表演，出来还让人补夜场票，跟抢劫一样
100,2023-08-05,江苏,1,门票100不值得
101,2023-08-05,江苏,1,门票100真的不值！杭州西湖那么大都不收门票了，小小的瘦西湖门票卖那么贵，南门到二十四桥，坐船单独收费，转园子的话就真是只是集中在那一块，没啥好看的，就像个大公园
102,2023-08-05,上海,2,虽然天热，但景色还是可以的，景点内有打卡盖章的服务，然而让人无力吐槽的是白塔旁边那个门口有俩假孔雀的店，里面有5个章，一个免费的，剩下四个一定要买商品满128元或者买一个名字的珠子才能盖一个章。。。确实有点离谱。。。大家以后千万留意啊，免得过去受气！
103,2023-08-05,江苏,1,建议可以直接现场买，因为这个订单约了除了多付一个导游讲解费的服务，其他没什么特别，该排队还是排队。到了现场要先排队换票，而且现场卖票和网上换票只有一个窗口，3个工作人员空调房里慢慢搞，家长孩子们在大太阳底下排着队伍很长很长。换票的队伍排好了以后，另外还要在太阳底下排很长时间的队伍进大运河博物馆。这次扬州最差体验就是大运河博物馆。
104,2023-08-05,山东,1,演出几分钟 没有引导人员 价格质差 最近几年失望的景点 没有之一 纯属借西湖之名
105,2023-08-04,上海,1,热。。。。。。。。。。。。。。。。。。。。。。。。。。。。。。
106,2023-08-03,江苏,1,很失望啊，夜场十个景点的演出，基本在三分钟左右，投影，几个人物走来走去，对口型演出。没有想象中好，票价还贵，建议白天来，游船贵，来回30分钟，100块钱
107,2023-08-03,江苏,1,东西死贵，车票死贵，船票贵的没普，不喜欢
108,2023-08-02,江苏,1,瘦西湖夜景简直是太差了，这两张照片是最亮的地方，晚上8点进去的，里面却黑的，都慎得慌，湖面就更别提了，更黑，也不知道游个啥。就门口有一个喷泉表演，都没有我家广场的喷泉好看。然后买门票还区别对待，本地人80元，外地游客120元，真无语了！！！ 整体来说不能算是景区，只能算上一个大公园。
109,2023-08-01,江苏,1,服务员态度极差 根本与西湖没法比，西湖都不要钱，人工的喷泉要啥特色没啥特色，挺无语的，不过扬州不值得来是真的，要不是为了寻找二十四桥明月夜，寻找波心荡，冷月无声，我绝不会来
110,2023-08-01,安徽,1,千万别买联票，因为会过期！！！
111,2023-07-31,江苏,1,没啥可玩的，白给他们110了
112,2023-07-29,上海,1,为了打卡而打卡，一般般
113,2023-07-29,北京,2,人太多，景色也真心一般，不值此行
114,2023-07-27,贵州,1,太热，没有个凉快的地方，里面没有餐厅，进去半小时孩子热的受不了，接着出来了。不建议暑假游扬州。
115,2023-07-26,江苏,2,1.进园后不久就遇到暴雨，刚好走到建筑物旁边的都进去躲避了，还有很多游客在路边奔跑找避雨的地方，景区游览车空车疾驰而过，对淋成落汤鸡的游客没一点帮助 2.门票是分日场和夜场的，日场进园时就被通知最迟在晚上7:30出园，因为夜场更贵一些，这个能理解，但从傍晚6点开始就不停的循环广播提醒不是间隔几分钟而是不停的播报，要求7:30出园否则要补交票钱，能理解园方的做法，但这样的体验感极差 3.当时是下午5:30左右，游船的工作人员就不停的说要下班了最后一班，诱导游客上船，实际上是骗了一批又一批的客人 4.总之扬州瘦西湖和杭州西湖真的没有可比性，景色没有杭州西湖大气，经营方的格局更加狭隘，感觉只认钱别的都免谈
116,2023-07-26,江苏,2,夜游还是没啥太大意思，大部分区域都乌漆嘛黑的
117,2023-07-24,上海,2,瘦西湖景区游览车售票处杂乱无章，明明是景区卖票员人数没算好，只剩一个位子，俩人坐不下，司机让等下一辆，多等了十几分钟，咬了n多个蚊子包。 卖票员却把下辆车安排满了，导致坐不下，还把锅甩在我们身上，说没找着人才让别人先坐，让我们再等一辆，工作人员的问题，却一路上都在跟别的游客说是我们的错。
118,2023-07-19,江苏,2,不值得这个价
119,2023-07-19,浙江,2,不值120元这个价。建议成人夜游改为30元
120,2023-07-19,浙江,2,120元的夜游，太贵，就四个项目，而且都是人，表演一般，差评
121,2023-07-18,广东,1,11号不知道小孩不用票，结果买了三份小孩票，说过二天退到现在还没退还。
122,2023-07-17,四川,2,瘦西湖美得不要不要的！植被葱郁，繁花似锦，鸟语花香，步步是景，悠闲自在！但是真的不推荐这款电动船，路途又短又快！推荐进入景区后租脚踩船去慢慢的品味……
123,2023-07-16,上海,1,听说瘦西湖很美，夜景尤为出色。真正看到了感觉像被喂了屎一样，很少去到这么丑的景点，我一个从不点评的人非要说两句。江南风光以秀丽为特色，哪个小天才设计的五颜六色的艳俗灯光，红的黄的蓝的绿的，整个一个地面上的溶洞，还比溶洞更无特色。亭子打高饱和的绿光蓝光，本来清雅的亭台楼阁整得像个大型夜场一样，丑死了！！！还好意思定这么高的门票，免费的我都觉得你在羞辱我的眼睛！没拍照片，因为太丑了，不忍心侮辱手机。
124,2023-07-15,江苏,1,服务态度极差，和游客争吵，游客不懂，就知道赚外地游客的钱，说了夜游票，服务员却点了个白天票，想看表演要却还要补票，还贵了一百多，纯属坑钱，差评，避雷家人
125,2023-07-15,江苏,2,不值得??
126,2023-07-15,江苏,2,带孩子还特意买了夜景票，不值得
127,2023-07-14,中国香港,2,瘦西湖就是个人工湖一览预测就足够了
128,2023-07-12,江苏,1,这个船好像是估计设计好的很慢很慢，就是故意让你超时，比景区里面买门票的船慢多了，这个船不能跑远，只能在那个周围稍微转转，太坑了
129,2023-07-11,浙江,1,就很无聊 一个普通的公园
130,2023-07-08,江苏,1,体验感极差，部分路乌漆麻黑，指引牌没有等，工作人员混乱，游园电瓶车无秩序！
131,2023-07-03,浙江,2,真心不值这个票价，里面就是购物游，人挤人看人
132,2023-07-02,江苏,1,差评 游园一半下大雨在东门躲雨等雨停了再走，再进门的时候被检票员凶，那个说话语气，搞得跟我去的是你家一样，垃圾玩意儿无语气死
133,2023-07-01,江苏,1,今天夜游瘦西湖，买了两张票，进入时候只能进一位，告知系统升级，让游客自己想办法，我不知道这竟然是扬州如此待客之道，自己系统问题，一律游客自己处理，真是滑天下之大稽 【性价比】 【性价比
134,2023-07-01,安徽,1,。。。。。。。
135,2023-06-27,江苏,1,我以为夜游比白天贵一倍是包括游船的，是我想多了，原来贵一半就是看灯光的钱……
136,2023-06-26,安徽,1,太贵了。。。。。
137,2023-06-26,江苏,1,幸好买的学生票，不然血亏60。别人西湖都不收费，你这比不上西湖收这么贵干什么
138,2023-06-23,江苏,2,六月份热死了，不是去扬州得好季节而且和我家楼下的公园一样，没什么特点
139,2023-06-19,上海,1,很一般，破旧
140,2023-06-08,福建,1,瘦西湖风景很美，但是携程服务极差，当日我们是傍晚五点买票进去，准备看夜游，一进场下起大雨，景区通知夜游取消，可以申请退票，携程一直扯皮我买的不是夜游票不能退，所以我买的四百门票就是感受了一场大雨然后加上携程两周时间的扯皮，极不爽
141,2023-05-29,江苏,1,个人感觉夜景真心不推荐，然后里面坐观光电瓶车的工作人员也很坑，问他我的位置走到东门出口还需要多久，不知道是出于什么原因跟我们说需要二十几分钟，坐他们观光电车5分钟，20元一个人，然后看电瓶车还没到时间发车，就去美食广场兜了一下，然后看到景区里的疏导员问了一下，结果疏导员说2分钟往前就是东门出口??夜景大家自己看图吧，比较差的一次体验
142,2023-05-27,山东,1,垃圾 还不如去苏州 杭州西湖玩呢 里面啥也没有 主要门票还得100 杭州西湖还不要门票 给狗狗都不去
143,2023-05-14,福建,2,太恐怖了，我觉得瘦西湖压根没有限流！而且那个观光车到处乱开
144,2023-05-13,江苏,1,景色只能说一般，算不上好，表演完全就是穿个汉服走两步，没啥能看的，就白塔的灯光秀和喷泉还好点盘，真心不值票价
145,2023-05-12,山东,2,五一假期人太多了。
146,2023-05-11,山东,2,人很多，性价比很一般
147,2023-05-08,湖北,1,票贵管理差
148,2023-05-05,安徽,1,非常差，不推荐，卫生差，隔音效果不好，房间气味难闻，旺季价格上涨幅度大，服务也很差……下午两点多都无法入住……携程旅行网无优势可言
149,2023-05-03,江苏,1,宰客太严重了
150,2023-05-02,江苏,1,体验感十足的差，车钥匙掉了，完了，工作人员都不给进去找，说这个理由哪个理由，又不是没买票，我又不是本地人，假如，是本地的话还好，回家拿，体验极差
151,2023-05-02,江苏,2,人真**多，24个桥都堵起来了，***
152,2023-05-02,福建,2,下水杂音吵，早餐完全不同其它同酒店的水平，小孩还收费
153,2023-05-01,江苏,1,水质浑浊不堪，景色不复四月
154,2023-05-01,江苏,1,无心情，车无停放
155,2023-04-21,江苏,1,4月20日傍晚在携程网购买了瘦西湖夜游门票110元，临睡前在携程网再次购买了4月21日6：00-9：00瘦西湖门票100元，朋友提前一天在某音购买的日场+夜场票两日可用才158，莫名感觉仅门票就被坑了一把。 再说4月21日晨入园，5：40就开门了，但只让持有各种老年卡、年卡的扬州市民入园晨练，网络购票的需在园外等6：00机子刷票，相比较南京各大景区8：30前免费入园的政策，扬州显得超级落后且没有人情味。4月21日晨5：40守在南门口的保安中有一个圆脸素质超级差，满口脏话，不知道这样的人怎么能在景区门口做保安，严重影响了扬州形象。 景区不大，倘若作为摄影师单纯拍摄作品，或者作为游客到此一游，花100门票感觉不值。一定要请导游解说，听景加看景才有意思。 建议景区管理能人性化一些。
156,2023-04-20,山东,1,什么玩意儿这么小的园子好意思收l00元门票钱吗！太坑了吧！
157,2023-04-18,江苏,2,瘦西湖景色美，但游船太差，一条船要等人都装满了才开船，在水上一路狂奔，景点介绍也是电子设备，十几分钟就完事了，开船的服务人员也是一脸的爱答不理。50元的船票太不值了！在船内也不好拍照，刚想拍照景点过去了，而且人挨人也不好拍照。
158,2023-04-18,江苏,1,游船收费和宣传不符
159,2023-04-18,山东,1,就是一个园子，人造的，也没啥好看的。尤其里面柳絮满天飞。全是大爷大妈在拍照打卡，年轻人就别去了。园子应该看的就是静谧幽深的景色，全是人，看啥。门票100，坐船150，水比五年前更脏了，还不如花钱在旁边喝个茶吃个饭，也有景色看。还是别去了。
160,2023-04-16,江苏,2,两点感受：第1、贵要有贵的道理，可是瘦西湖不值下面的“贵”。大门票100元，不到15分钟单程游船50元，烤肠8元……第2、态度差：因为买船票时询问半价票的适用范围被咆哮，你买不买，后面好多人等着买呢！因为下船时被后面人踩掉了鞋，走得慢了些，被咆哮，快下去啊！因为一个景点认识一座城！扬州，没有特殊情况，是不会再来了！
161,2023-04-11,江苏,1,能感觉到瘦西湖景色本身很美，但是第一次来瘦西湖的千万别晚上来。1、景区只开一部分，很大一部分关门、没灯。2、灯光只有部分合适，大多惨不忍睹。第一次来瘦西湖，相对来说瘦西湖夜游是江苏众多景点中体感、性价比最差的那个。
162,2023-04-11,江苏,1,除了位置以外其他一无是处，算早餐将近一千五的配置太低，房间狭小早餐马虎，前台带眼镜的服务员好像我欠她钱一样，体验太差了
163,2023-04-10,山东,2,实在是不值这么多钱
164,2023-04-10,安徽,2,瘦西湖因乾隆而修建了白塔和诸多景点底蕴并无
165,2023-04-08,北京,1,扬州也太贪婪了，这比颐和园差老啦！就这也收一百元钱，江苏人真有钱啊……作为一名北京人再也不想来啦……
166,2023-04-08,山东,1,这么贵的门票，比故宫都贵，还限时，扬州也太贪婪啦吧！不就是下个江南吗？咋就比寝宫还贵啊……
167,2023-04-06,江苏,2,原本提前一天预定了门票，现在不是疫情期间，还限定进入时间，结果提早来了后门口工作人员很不耐烦的不让进，一副高高在上的说必须预定时间才能进，购买德票还不能改签，只能退订后原价再买，优惠没了，不开心，原本就觉得100元来一次有点不值得，现在未进入感觉更不好了，里面景色虽美，但是心情全无，今后不会推荐亲朋好友来这里，不来后悔，来了更后悔！！最没心情游玩德一次了！！
168,2023-04-04,广东,1,纯纯垃圾 一句烟花三月下扬州 骗了多少人 就这玩意 我觉得都不该收费
169,2023-04-02,江苏,2,仅有扫码电动车，且大多数没电。无扫码自行车是最大缺陷！！！
170,2023-04-01,安徽,1,票上没写明是白天的票晚上出来还得补差价，我们在里面吃了点小吃出来还得补晚上的票。
171,2023-03-31,安徽,2,不值票价，就是公园而已
172,2023-03-20,江苏,1,携程购买的100一张。一共买了三张。感觉根本就不值这个门票。
173,2023-03-20,江苏,1,这么大个旅游景点，一会一个价格，感觉不值这个价格。
174,2023-03-20,江苏,1,携程网100一个人，*音却卖79一个人。感觉太坑了。价格等做不到统一。
175,2023-03-20,江苏,1,不值得花100块逛的大公园
176,2023-03-19,山东,2,越来越没意思了，人超多，景点加入了太多现代化的东西，古风古韵的味道被人群和现代化的东西快充没了，特别是门票还贵，有太多景点可以替换
177,2023-03-18,辽宁,1,很多“景点”门票很让人无语，其中“瘦西湖”就是其中一处，不建议散客前往该“景点”。
178,2023-02-24,江苏,1,太假了，就是处人工水沟，门票太贵。
179,2023-02-18,浙江,1,房间小，隔音差，设施陈旧，洗护用品很低端，通俗一点说，连一般的快捷酒店都不如，性价比极低，对这个城市的感受因为这个酒店大打折扣。
180,2023-02-06,上海,1,整个景区不是湖就是一条河，旁边建筑也是后期钢筋水泥新建的，少了一份典雅 多了一份小城市的浮躁门吗，口检票阿姨，凶神恶煞样子，脏话连篇，扬州的没落，大牌**臭服务态度。
181,2023-01-29,湖北,1,没有啥好玩的。浪费钱
182,2023-01-28,江苏,2,感觉一般般，自从进入园子一直在踩坑，院内忽悠坐车踩坑，百家姓店套路串姓名，一步步套路踩坑，印象挺差，说好的中国人不骗中国人呢…
183,2023-01-07,河北,2,价位偏高 不值
184,2022-11-22,江苏,1,太差了，门票贵，景色不行，全是骗人的。
185,2022-10-08,江苏,1,不好的体验！
186,2022-10-03,江苏,1,劝想来玩的慎重，门票110，玩了个寂寞，什么都是另外收费的，有这钱来看这？
187,2022-09-16,江苏,1,这种地方竟然收门票！？？？简直恶心到家了。很多大城市公园都比这好。远的不说，南京玄武湖比这好的多了，还免费！北京故宫门票才60。你近100的门票，是哪里淼挠缕？真的丢人！千万别去，谁去谁后悔！真的是丢尽了脸！
188,2022-09-13,江苏,1,进东门坐缆车 走到五亭桥 然后走几步美食街直接出来了 不好玩
189,2022-09-12,江苏,1,灯光不仅过度，而且质量差的刺眼，完全达不到景观灯 见光不见灯的标准。艳俗夺目把美好的风景和月色全部糟蹋了。还有巨大声量做作的诗朗诵，不知所谓的表演，生生把瘦西湖变成了下等青楼。
190,2022-09-02,上海,2,冲着瘦西湖来的扬州，结果很失望，贵景点的某些工作人员态度真的不能忍受。厕所锁坏了被锁在厕所15分钟，工作人员来开锁竟然说我在里面瞎弄才坏的（隔壁的锁也是松垮的）。一句安慰的话都没有，还被指责了。好心情瞬间没了。
191,2022-08-26,江苏,2,外地人就不要去了不值得！100大洋，真不值得就是一个大公园，还不如去博物馆。根本没有人进去，进去的都是本地人，本地人一张年卡才100块钱，一天一进
192,2022-08-18,江苏,1,服了啊，这种地方在其他地方不应该免费的吗？不就是一个公园吗？还108块，除了走路出汗了，其他别无体会谢谢
193,2022-07-24,未知,2,说句实实在在的良心话，就一个公园而已。这种大公园有些大城市都有，而且免费。这里票价竟然不可思议这么高，简直笑死人。
194,2022-07-12,未知,2,相当的不值 收费项目还贼贵 玄武湖还免费呢 这个比玄武湖好多少？
195,2022-07-06,未知,1,总体而言，大而无物，水质极差，要不是门票降价，真是巨坑。扬州东西也难吃，净吹牛。
196,2022-06-16,未知,1,从苏州开车到扬州已经是下午三点了，吃过饭下午五点左右购票入园，买票的时候售票人员并没有告知晚上还要额外购买夜场票，如果早知道这样，我们直接等到天黑买夜场票进去好了，结果就是我们晚上7点30分左右准备离开的时候被工作人员拦住要我们每个人再付一张价值90元的夜场票，吃相真的太难看了，提前不告知游客有夜场票这回事，出园又要强行收费，要不是看着带着老人孩子真是要和你们好好理论理论！
197,2022-06-12,未知,2,14年前的秋天去过，真的非常美，很有古典韵味，古色古香
198,2022-03-04,未知,1,??都不去的地方……风景也一般
199,2022-03-01,未知,1,不要来，需要48小时核酸报告才可以进景点，折磨死你。
200,2022-01-27,未知,1,不好玩地方
201,2022-01-18,未知,1,真的很一般
202,2021-12-31,未知,1,12345
203,2021-12-24,未知,2,门票太贵了，风景一般般，向杭州西湖学习学习
204,2021-12-15,未知,2,门票太贵了，停车场收费太高了。不值得推荐和逛公园一样。
205,2021-11-04,未知,1,在改造施工还正常收费，太不合理了
206,2021-10-08,未知,1,性价比不高，不值得推荐大家游玩，。门票太贵了，门口的停车费也很贵哦。
207,2021-10-05,未知,1,这景点是很醉了，上次来买了票，因为朋友突然有事，就一起退了票没去，那时是58元。按理说六月和十月，应该都是旺季了，不应该存在差别。而且杭州西湖，南京玄武湖都是不要钱的，人家反而吸引了大批游客，带动了周边经济发展。瘦西湖要100块，真的是很无语了，这种景点就想着圈钱，过节还涨价，坚决不去了，无语到家。
208,2021-10-05,未知,2,门票100，地方是挺大的，个人觉得景色一般，也没什么游玩项目
209,2021-10-03,未知,1,这是我多年以来，感觉极差的景点，进门就百般挑剔，门票贵，没有人提供服务，标识标牌不清析，强烈建议5a摘牌
210,2021-10-03,未知,1,管理极差，100元的门票??，没有任何服务 ，大多数人，进门后走错方向也进不了核心景区！杂草丛生，卫生和绿化都不好！进门的小姐姐态度也差
211,2021-10-01,未知,2,不值得去，完全就是借了西湖的名头
212,2021-09-13,未知,2,13年以前去过，确实是个古建筑，很有特色，不是钢筋混凝土建的
213,2021-08-21,未知,1,不好玩，门票还死贵，虚州虚景。
214,2021-08-12,未知,2,瘦了的西湖恢复元气了嘛？希望疫情赶紧过去啦
215,2021-08-06,未知,2,14年以前来这里玩儿过，古色古香，真的都是古建筑，太棒啦！
216,2021-07-25,未知,1,太差了，感觉像逛了个小公园，还没有社区小公园好，居然还有脸收费？
217,2021-07-25,未知,1,太差了，感觉像逛了个小公园，还没有社区小公园好，居然还有脸收费？
218,2021-07-24,未知,2,出过一次再也不想去第二次了。对不起这60的门票钱！！！
219,2021-07-13,未知,1,不是买一送一吗，我需要买的是三个成人票和一个半价票，所以我买两张票送两张票正好，可是为什么到门口一个码只刷了一张票？送的票到哪里去了？门口刷不到票不给进啊，没有办法，所以又买了两张，这个不是***吗
220,2021-07-03,未知,1,一点都不好玩，里面什么都没有，绿植物全部都是枯萎的。真的不如杭州西湖
221,2021-06-29,未知,1,千万不要去夜游瘦西湖，负责任地说，绝对是个坑，骗人，所有表演给一星都是浪费，打着古诗的名头，骗钱，和故事半毛钱关系没有
222,2021-06-28,未知,2,60的门票都觉得贵，没看头，游船50，这种景点在我们那都免费。挺坑的
223,2021-06-26,未知,2,没有什么玩头。
224,2021-06-25,未知,1,相当的一般
225,2021-06-20,未知,1,跟小三310102***920822的龅牙李慧一***
226,2021-06-19,未知,1,去了一次应该不会再去第二次了
227,2021-06-19,未知,1,感觉不怎么好看
228,2021-06-17,未知,2,应该是去的不是时候，整个湖都在搞基建，水也抽干了，围边也围蔽，哪有什么瘦西湖的感觉，但门票价钱没降，购票时也没提示在施工。
229,2021-06-10,未知,2,13年以前去过这里，江南风景确实美如画！而且真正的古色古香！！
230,2021-06-02,未知,2,太坑了，这么贵的门票居然只能进去一次，就不能进去了……之前不知道只逛了一半，以为公园起码一天可以进去……哎
231,2021-05-30,未知,2,在现代人的演绎下，现代景观绿化，和景色不够而添加的当代景观和餐饮街，十分令人失望，与“瘦西湖”没有什么关系了。仿古时装秀一般，与当下国人倒是十分贴切。100元的门票透着土豪荨
232,2021-05-29,未知,1,景色非常一般 门票竟然200 太贵了 啥也没有
233,2021-05-23,未知,2,性价比低，与票价
234,2021-05-19,未知,1,差评，扬州瘦西湖门票50元，大明寺22元，个园43选，何园22元，加起来才137元。但是携程4个景点联票确卖到200元。比各个景区单买每张票贵了60多块钱。是因为性价比低，相信携程的产品性价比高，才每次都在携程上定住宿和景区门票。太让人失望了。携程还值得信任吗？
235,2021-05-15,未知,2,什么瘦西湖！就是个超大的公园而已！非常无聊
236,2021-05-11,未知,2,坐船溜达一圈还行
237,2021-05-08,未知,1,在整修把湖水抽干了，几乎无景可赏性价比低，
238,2021-05-08,未知,1,对景点没有任何意见，只是反感这个平台，指鹿为马 完全没有诚信可言承诺的不承认让我提供录音，脑子好好的吧，送火车站送错送到机场，说帮我拿东西，你携程会绕那么远路帮我拿东西吗
239,2021-05-06,未知,1,景色一般，性价比低，。
240,2021-05-06,未知,1,门票贵、人多、景差，不推荐。
241,2021-05-05,未知,1,有待改进，门口检票员服务态度差，
242,2021-05-05,未知,1,性价比低，景色一般，可玩性低，服务态度差
243,2021-05-04,未知,1,差评！半夜房间天花板漏水，给降房型换房，一夜折腾的没睡，孩子都冻咳嗽了。退房时前台故意当什么事没发生，问及解决方式挤牙膏似的讨价还价，只同意补房间差价
244,2021-05-03,未知,2,这里的检票员太业余按身高检票。晕
245,2021-05-03,未知,1,景色一般，性价比低，可玩性低，不怎么样，就是个公园，门票一百元很不值，没什么意思
246,2021-05-03,未知,1,园内正在施工，到处乱七八糟，可玩性低，有待改进，
247,2021-05-02,未知,1,首先五一假期增加临时出入口、完全没有任何告知，明明写着入口，走到那缺被告知4点以后只出不进，老人腿脚本来就不方便，好不容易走到这了，在让人走其它入口，态度还尤其恶劣，作为一个服务性行业，我真的为你的工作素质担忧，我相信你如果好好说，大家肯定听的进去，可你这个态度，你明明没有任何告示明确说这4点以后只出不进，就你一句话说不进就不进了，我真的从这进去你能怎么样，居然还说要报警，有病了吧……明明就是理亏的好挖？！真的冒火??
248,2021-05-02,未知,1,"五一去的，景色一般。买了游船票人贼多，等了45分钟没上船，上去就坐了15分钟，还不能退票,那你直接说不退不换啊，差评！！！"
249,2021-05-01,未知,2,不咋地，到处修建
250,2021-04-30,未知,1,啥也不说了
251,2021-04-29,未知,1,无聊至极，景色也就和南京的玄武湖差不太多，关键是玄武湖是免费的性价比低，
252,2021-04-22,未知,1,有待改进，可玩性低，性价比低，景色一般，
253,2021-04-22,未知,2,可玩性低，
254,2021-04-21,未知,2,扬州的景点，为什么要收扬州本地人的门票，还这么贵。就不能给扬州本地人免费吗？也可以个别景点收费！杭州西湖都开放了，个e景点个别收费！为什么不学习一下！
255,2021-04-20,未知,2,索然无味！
256,2021-04-20,未知,1,就是个公园
257,2021-04-18,未知,1,清淤也好意思卖这么贵的票***
258,2021-04-17,未知,1,我是个医务人员，家庭出游购票，看携程门票免费人员里面没优惠，所以和家庭成员一起购票进入。回单位同事告知医护免票！携程这么大平台竟然提供的信息不实，造成我的损失
259,2021-04-16,未知,2,门口的工作人员态度恶劣，没有耐心，西湖在修理，没有看见湖水景色一般，
260,2021-04-15,未知,1,景区里全都在施工，没一点点风景可言！有待改进，
261,2021-04-14,未知,1,景色一般，可玩性低，性价比低，没嘛意思，枯燥乏味，死气呆板，无聊无趣。
262,2021-04-13,未知,1,一个城市总是会主推一些景点和饭店，巨额的包装费、广告费、写手费用最终都会落到消费者头上。而真实情况总会有所偏差，让人有所失望，并觉得物非所值。 瘦西湖就是这样一个景点吧，虽然它蕴含了很多历史和文化，但终究是个大公园，物价部门该有所把控的。 河堤春柳传说当年隋炀帝在运河边摘下一棵柳树，并赐姓“杨”，于是摘到扬州的柳树都叫杨柳。河堤边人满为患，无法感受到它的美感。 为了感受杜牧的诗，一路来到惺惺念念的五亭桥和二十四桥，但也因满满的人流和过度消费的商业无法让人体会到诗人笔下的古韵。 总结：瘦西湖是一个会让人对扬州失望的地方。
263,2021-04-12,未知,1,瘦西湖真的没啥好玩的，人多的要死，门票还那么贵
264,2021-04-11,未知,1,全部都在装修，不知道看什么
265,2021-04-10,未知,2,就是个公园，不值这个价，应该免费
266,2021-04-10,未知,1,真的不值一提
267,2021-04-10,未知,2,有待改进，
268,2021-04-08,未知,1,这家船家真的糟糕了！座位随意安排，不合理
269,2021-04-06,未知,1,**订单，一塌糊涂，联票里的景点只要去了第一个景点后就显示已使用，去后续的景点全都刷不到信息，无法进入景点，像傻子一样在外面站着干等着，性价比低，还不如景点门口直接买票
270,2021-04-05,未知,1,性价比低，有待改进，可玩性低，景色一般，
271,2021-04-01,未知,1,性价比低，有待改进，反差很大，床很硬，不适合带宝宝
272,2021-03-26,未知,2,俗话说看景不如听景，瘦西湖就是如此，奉劝没去过的就不要交智商税了，这就是一条河道，想当年若不是扬州开放某行业，估计也不会有什么文人骚客描写了。性价比低，可玩性低，景色一般，
273,2021-03-25,未知,1,看了，悔了，不来了！景色一般，性价比低，可玩性低，有待改进，
274,2021-03-24,未知,1,一般一般一般
275,2021-03-22,未知,1,景色一般，可玩性低，工作人员态度很差 性价比低，票价不便宜 不值得
276,2021-03-22,未知,1,很大 人多 服务差 长廊到大明寺 只出不进 标识不清 遇到工人在维修 大门敞开 也没人 提醒这个是出口，也没标识。 出口后想原路返回 守门的工作人员说你眼瞎 自己不会看路啊？ 这个门只出不进。遇到个中年油腻管理人员 两手往后一搭 说 把你们赶出去… 好大的官威啊？得 我花100块钱 走了一大段冤枉路 我还来找气受 。
277,2021-03-21,未知,1,徒有虚名景区卫生差，当地打车不方便。出租车更少卫生差。
278,2021-03-21,未知,2,可玩性低，性价比低，景色一般，有待改进，
279,2021-03-21,未知,2,里面正在清理污泥，门口也不通知
280,2021-03-21,未知,2,看过西湖的可以不用来了 真的没什么好看的 就是一个大公园 可玩性低，性价比低， 景色一般，里面有地方在维修，也没竖牌子，不小心要往房子那走的时候 有个工人对我哄：那边不能去 没看到么！牛啊 花钱就是来受你气的？（想省钱的 可以到南门 那边从外面也能看见）
281,2021-03-17,未知,1,搞什携程售票太不方便旅客！有待改进，
282,2021-03-15,未知,1,携程的培训管理和瘦西湖工作人员的专业性都有待提高。在瘦西湖入园处现场购买门票的时候明确问了工作人员数遍我们下午刚到的瘦西湖，大明寺是不是可以第二天使用了，工作人员数次表示肯定，指导我们购买了瘦西湖+大明寺的联票。谁知第二天大明寺不能使用。严重损伤了旅游的热情和在携程购票的满意度。
283,2021-03-14,未知,1,就是条臭水沟，不值那个票价，千万别去。
284,2021-03-11,未知,1,正好清淤期间，瘦西湖只能看淤泥，诶 可惜
285,2021-03-11,未知,1,旺季看人，淡季看淤泥
286,2021-03-10,未知,2,差评！必须的！酒店局部（露天庭院中）正在装修施工，从早上八点到下午五点电锯声，锤子敲击声不断，午后无法休息！酒店应该在网上平台公示一下：“白天有施工噪音，怕吵勿选本酒店”
287,2021-03-07,未知,1,可玩性低，性价比低，景色一般，有待改进，西门也不能用，北门也不让进，退了还要给手续费
288,2021-03-07,未知,1,没有西湖漂亮居然还收费！！！景色真心很差
289,2021-03-06,未知,1,景区里在施工，湖水基本抽干了，这样还收100门票，简直无语了
290,2021-03-05,未知,1,电瓶船真的是差评，一张船票只是单程，不是往返。上船时候，工作人员态度极差，一脸不屑。真是毁了瘦西湖游览心情。
291,2021-03-04,未知,2,带孩子就不要去了，不适合带孩子去
292,2021-02-21,未知,1,日了狗了，一边维修还没逛就走出去了，而且不能返回也没贴通告，60花的没啥说了
293,2021-02-21,未知,1,服务和设施太差
294,2021-02-19,未知,1,就是一个大公园，浪费我半天感情??
295,2021-02-19,未知,1,有待改进，组合购买不能退，恶心！
296,2021-02-16,未知,1,景色一般，可玩性低，有待改进，性价比低，
297,2021-02-15,未知,2,首先如果酒店还是统一在底下回复一堆冠冕堂皇的***我就不想听了，但建议要来的朋友仔细看看，我真的不建议定这家，性价比低到要死人。年初四来和老公吃点好吃的，停车场标志不清楚，电梯人群出入很乱，电梯入门处也比较Low，办理checkin的时候询问是否能升级房型，说不能乱，因为没有套房，打开携程明明可以定，这个算撒谎了，不想升就实话实说，诓骗一点也不尊重。【定的1400的价格行政湖景，说难听点这个设施大小，在深圳真的900就可以到位了，很***。】1400不到我在成都万达都可以住到一个体验感好太多的豪华套，上海华尔道夫也强的多了（虽然华尔道夫早餐实在太难吃）。有条垫脚毛巾是发黑的，总之我下次会选择别的五星酒店。
298,2021-02-15,未知,1,冬天来的，赶上维修，到处施工，水都放光了，居然卖票的时候一点不透漏！牛??
299,2021-02-15,未知,2,春节扬州瘦西湖美景，万人游瘦西湖天下景区????
300,2021-02-15,未知,1,等我们从景区出来在景区门口，又要上厕所，想进去上厕所都不给上我等会就打12315投诉电话
301,2021-02-03,未知,1,无法点评，正在清淤，啥也不是
302,2021-01-31,未知,2,请不要在清淤泥阶段去玩！！！什么都看不上！遍地是泥！体验真的不好。
303,2021-01-31,未知,2,瘦西湖都在挖淤泥，没啥好看的
304,2021-01-27,未知,1,性价比低，
305,2021-01-25,未知,1,瘦西湖景区正在施工清理湖淤！湖边用施工板隔离，路上全是施工车辆！即无湖！也无景！入景区也无人告知！完全是欺客！景区内人力车也在诈客，车上明明写着收费20元，可儿坐了几分钟走了不到两百米，因施工堵路无法游景却要了60元！扬州美景丑不忍睹！！！
306,2021-01-23,未知,2,去的时候再进行三十年来最大规模的清淤工程，所以水都抽干了，到处都是泥，所以没什么景观，只能看看建筑什么的，观感很差，这种情况也没有提示，很不满意
307,2021-01-22,未知,1,太一般！！！
308,2021-01-19,未知,2,一般 小公园
309,2021-01-19,未知,1,什么都没有。在修路。三十元看了个寂寞
310,2021-01-19,未知,1,不值得去，一者可能不是最好的季节，二者整个湖区在清淤，居然还要门票
311,2021-01-17,未知,1,半个小时都呆不下去， 感受：施工现场真好看，在这看了个寂寞，免费让我来都不来，建议不要来。可玩性低，性价比低，景色一般，
312,2021-01-17,未知,1,免费门票我都不想来，瘦西湖徒有虚名！垃圾，垃圾，垃圾！！！性价比低，可玩性低，
313,2021-01-14,未知,1,性价比低，可玩性低，去的时候河道水抽干了在清淤泥，慕名而来，没想到臭气熏天，没有什么可以玩的，更加没有景观可看，就逛了十分钟，就出来了，尽然在维护有待改进，为什么还要收门票，两个人门票60元一点都不值，印象太差，这个时候千万不要去了！
314,2021-01-14,未知,1,根本不是什么旅馆，是闲置的空层，弄床脏被就往外租房，千万要小心被骗，费劲找到，电费包括照明的也让自己全掏，关键还没有水，喝的刷牙洗脸的水都没有，还说自己是老师，真给老师丢人，屋里什么设施没有，还要查房，龌蹉之极了。
315,2021-01-14,未知,2,现在就是一个挖河泥的工地。应该关门大吉，搞好了再漂漂亮亮的迎客。
316,2021-01-13,未知,1,这景区太坑了！整个景区都是维修无法进去看，湖水也都抽干了在清淤，就这不提示？？？还在那卖票！！一丁点提醒都没有，30块钱一张票买断了我对扬州所有好感！垃圾！
317,2021-01-11,未知,2,记住冬天别去就是了，不仅景点少，还到处都是工地，真心如关门整修，性价比低，不推荐
318,2021-01-09,未知,1,差评瘦西湖水都没有 携程也没提醒 过了就看泥潭了
319,2021-01-05,未知,1,河道清淤护栏全部挡住什么也看不到，景点为什么不提示，最差的一次出行
320,2021-01-04,未知,1,瘦西湖河水处理，景色影响
321,2021-01-04,未知,1,来的季节不合适，里面到处施工，景点看不了几个，那你还要门票进入。体验极差，建议春天来游玩吧。可玩性低，
322,2021-01-03,未知,1,景点在维护，到处都是铁栅栏，可玩性低，性价比低，景色一般，怎么好意思收费！
323,2021-01-03,未知,1,西门通大明寺那条死路走的人头大，毫无意义
324,2021-01-02,未知,1,房间设施陈旧，浴巾很烂，一用就开口了。浴室只有头顶喷头，没有手握喷头，水压很低，性价比低，矿泉水是2瓶3毛的，价格还要3百多，确实不值得，价格在1百多合理些
325,2021-01-01,未知,2,不值得，坑，里面那个卖手串的好坑啊
326,2020-12-30,未知,2,一个不去后悔去了更后悔的地方
327,2020-12-29,未知,2,这两天园内维修，到处都是铁皮围栏 路上有三轮拉这树苗在园内跑，有些地方直接就封起来了，路上也有很多杂物，游园体验特别差！！！！！ 可玩性低，有待改进，
328,2020-12-27,未知,2,与南京玄武湖相比性价比低，还要门票，门票价格也贵
329,2020-12-23,未知,1,景点到处都在改建
330,2020-12-22,未知,1,一般可玩性低，
331,2020-12-20,未知,2,空间太小，设备不多，服务欠佳，附加收费过多
332,2020-12-19,未知,1,有待改进，
333,2020-12-19,未知,1,性价比低，
334,2020-12-15,未知,1,烟花三月下扬州。或许是季节不对吧。100大洋太高了。性价比低，
335,2020-12-11,未知,1,thjjj
336,2020-12-09,未知,2,性价比低，
337,2020-11-23,未知,2,可玩性低，性价比低，景色一般， 去苏州回青岛的路上想想去扬州吧 看看瘦西湖 太失望了吧！有好多仿古建筑！和拙政园没法比的，门票100一人，感觉好坑啊  适合爷爷奶奶过来玩 环境还是挺惬意的
338,2020-11-17,未知,2,没来过，一次就够了
339,2020-11-14,未知,1,可玩性低，景色一般，性价比低，景区工作人员服务态度一点都不人性化
340,2020-11-14,未知,1,都知道瘦西湖夜晚的场景是非常漂亮的，可是我们去的时候五点钟进园，工作人员告诉我们说七点钟有灯光，结果进去以后5点20分被景区工作人员给撵出来了，说要闭园，景区大门口没有任何地方提示，5点30分要闭园，没有任何地方提示，说没有灯光了，晚上。本来瘦西湖园子都不大，还有很多地方都有东西挡着不让进，说正在整修性价比低，可玩性低，景色一般，
341,2020-11-08,未知,1,价格高，性价比很坑，上次来玩瘦西湖加大明寺联票就85，现在单单瘦西湖就要100，里面就一个大公园收费这么高，学学人家西湖吧！
342,2020-11-05,未知,2,俄休息吧、很好下次一定再来一次，好
343,2020-11-04,未知,1,太没意思了，就是个大公园，还收那么贵门票
344,2020-11-02,未知,2,景色还好。门票贵，水质浑绿，不舒服。另外，二十四桥很假劣的感觉。
345,2020-11-02,未知,1,性价比太差，说起来就是一个大型的公园，适合年纪大的人散步健身。但是特意为了看那里的景，个人觉得没必要，而且性价比太差。三可玩性低，性价比低，m
346,2020-11-01,未知,2,除了那座五亭桥稍有特色，就是一个大公园，走断人腿，完全不值票价。
347,2020-10-25,未知,2,其实就是个城市公园，每个城市都有类似的。收100门票太高了，应该学杭州免费
348,2020-10-24,未知,1,不怎么样，就一个花园，还收100门票，应该学杭州免门票
349,2020-10-18,未知,2,性价比极低，携程订票买了到门口不让进，机器提示查不到门票，工作人员说别再写成买
350,2020-10-16,未知,1,很一般，工作人员不太喜欢外地人……
351,2020-10-14,未知,2,挺好的，位置优越，方便导航查找。也挺卫生，早饭还行。服务在热情点，早餐再丰富点就好了。其他的也没啥了啊
352,2020-10-09,未知,1,真心不推荐  景区很破旧  没什么游玩设施  唯一的船票还死贵 还是单程  走回来累死了    从南京玩完过去这个 落差感很大！
353,2020-10-08,未知,2,体验不佳，性价比低，可玩性低，景色一般，
354,2020-10-08,未知,2,景色一般，性价比低，
355,2020-10-08,未知,2,一般般吧，感觉挺没啥看的
356,2020-10-07,未知,2,性价比低，体验不佳，景色一般，
357,2020-10-07,未知,1,不值得买，比现场买贵很多，现场买票400元
358,2020-10-07,未知,1,失望，失望还是失望。这么贵的门票去搭配这么烂的服务，简直失望透顶。我们是下午3点左右到的。从北门一进来就被催促买电瓶车票坐车。说北边没有什么可看的，好看的都在南边。上车以后电瓶车司机生生的把车开成了赛车。全程无讲解，还各种按喇叭。把好好的旅游心情给搅得无比烦躁。说实话，南边的几个景色也就马马虎虎吧。感觉还不如北京两块钱门票陶然亭的景色。本来瘦西湖就不是湖，只是运河的一段。说实话，园内亭台楼阁的景色还是有的一看的。但是被现在这帮人商业运作的，让人进去之后只想赶紧走。体验不佳，性价比低，
359,2020-10-06,未知,2, 性价比低，可玩性低，景色一般，                                              
360,2020-10-06,未知,1,景区提示很差，工作人员服务水平也差。相对于其他百元门票的景区，里面购物引导及消费陷阱很多，没有针对老人的特殊服务项，基本上不会再去第二次，对扬州的整体印象不好。
361,2020-10-05,未知,2,性价比低，门票贵，不值这个价钱，路牌很少，没有工作人员，，也没办法问路
362,2020-10-05,未知,2,性价比低，
363,2020-10-05,未知,2,体验不佳，性价比低，景色一般，可玩性低，湖水混浊，人多，景色也是一般般。真的不如一些地方的湿地公园。
364,2020-10-05,未知,2,景色一般，性价比低，体验不佳，可玩性低，湖水混浊，人多，景色也是一般般。真的不如一些地方的湿地公园。
365,2020-10-05,未知,2,湖水混浊，人多，景色也是一般般。真的不如一些地方的湿地公园。
366,2020-10-04,未知,1,体验不佳，性价比低，可玩性低，这地方是我去过的最垃圾的地方，绝对不值票价，免费公园都比这里景色好。单纯看景也就罢了，里面所有其他的都要收费，尤其是游船！趁国庆真的狠狠宰外地游客一笔，停车费是我去过所有景点收费最高最黑的！！！要去的人心里做好准备吧，远超北上广深景区收费。就这么一个公园，收这么贵门票也就算了，唉，周边酒店价格比平时翻了三倍不止！太TMD坑了！！！这辈子不想来第二次！！！！差差差差差差差评！！！！！
367,2020-10-03,未知,1,体验不佳，可玩性低，
368,2020-10-03,未知,1,体验不佳，
369,2020-10-03,未知,1,这个不是在南门入口，注意??一定不要过体验不佳，桥
370,2020-10-02,未知,2,这里面有个工作人员态度真的绝了，我们是自己游船的，到了一个分叉口，她开的那个船要往左，我们要往右，明明路线很明显，她却一直说我们，语气特别冲，一直说你不是要拐弯吗你会不会开船啊，我笑了真有意思，我们这个船灵活性低这是谁都知道的事情吧，就因为不是一家店的人就要用这种语气讲话吗？凭什么这么冲？要不是男朋友在旁边我高地跟你整两句。国庆来的，不会再来这个地方了。
371,2020-09-28,未知,2,太贵了，就是一个公园，门票一人100，坐5分钟游船，一人50。
372,2020-09-28,未知,2,景色优美，设施不错，票价小贵
373,2020-09-27,未知,2,就是一个普通公园，门票太贵了性价比低，景色一般，体验不佳，可玩性低，
374,2020-09-27,未知,1,可玩性低，
375,2020-09-20,未知,2,瘦西湖混浊，路标不清楚，让游客到处乱跑，差评
376,2020-09-13,未知,1,可玩性低，体验不佳，景色一般，性价比低，
377,2020-09-09,未知,2,就是你有时间别坐船，都是坑子
378,2020-09-05,未知,1,到了景区门口问检票员才知道，大学生可以买半价优惠票，但携程无任何提示，而且我们一行三人的携程订单不能单独退一张票，差评。
379,2020-09-04,未知,1,太坑了，屠宰场，门票最多值40像这样的园林全国到处都是，几条小河加几个亭子小桥，停车费一个小时8快，里面坐船要400，没有再坑的地方。性价比低，可玩性低，体验不佳，
380,2020-09-02,未知,1,地方值得一去，儿子学生，本可以半票，但网上购票本人买的是成人票，到景区扫码工作人员也没提醒，觉得有点亏
381,2020-08-30,未知,1,网上买的船票坐的船和现场买票的船不同，船没有空调、茶水，座位也不同，体验很差
382,2020-08-23,未知,1,可玩性低，性价比低，景色一般，体验不佳，游船电瓶车收费挺离谱，只有单程，纯属为了赚钱
383,2020-08-22,未知,2,实在是对不起5A景区的资格，太一般了。性价比低，体验不佳，可玩性低，景色一般，
384,2020-08-13,未知,2,说真的，景色真的很一般，还收60块钱的门票，整体感觉挺差的，想坐个观光车找了半天都没找到，整体走下来累死了，以后不会再去。太坑。
385,2020-08-11,未知,2,坐船也就15分钟，50元，挺不值的
386,2020-08-08,未知,2,瘦西湖很小，2个小时足够了，景色一般
387,2020-08-06,未知,1,第一次去扬州～做了好多好久的攻略。结果失望而归～全程乱七八糟、码头服务员只顾着收钱、知道你是团购的就给你晾在一边、态度很冷漠、爱理不理的、船来了给收现金的先上、团购的就等着、收人家现金的时候态度极好、我们带着小宝宝就在烈日下等着、那请问团购还用来干嘛？就因为钱没有直接进他们口袋里吗？那这样为什么还要设置团购呢？意义何在？体验不佳，性价比低，可玩性低，
388,2020-08-02,未知,1,没有任何用。发的验证码是过期的，还没有办法退！体验不佳，性价比低，
389,2020-07-31,未知,2,园区西南门游船服务态度极差，问下就，不耐烦。本来从南门玩过来，准备在西南门坐游船回南门去的，结果态度极不好差评，准备携程下单的，和她刚说要看一下怎么下单，服务人员调头 就走了。
390,2020-07-26,未知,2,不坐船没法玩，光走路了，景点很少
391,2020-07-19,未知,1,景色一般，很多城市的公园都是这样的景色体验不佳，就是一个公园而已性价比低，玄武湖公园免费，景色比这还好，很多比这好的公园都免费，瘦西湖还收60一张的门票，真是黑可玩性低，就是休闲公园
392,2020-07-17,未知,2,性价比低，可玩性低，体验不佳，景色一般，
393,2020-07-11,未知,1,入口地址根本不在正门口，一定要去南门体验不佳，
394,2020-06-20,未知,1,导游非常差，一直向前走，走的非常快，我们一共5个人，我们的人跟不上也不停下来等等，不任性，只想着快点结束工作。她人也特别不耐烦。她非常不时候做导游
395,2020-06-05,未知,1,体验不佳，景色一般，性价比低，可玩性低，
396,2020-05-26,未知,2,就是一个普通的人工湖，大部分人都是冲着名气去的。99%的人都会失望，太普通了，而且门票还不便宜。
397,2020-05-17,未知,1,游船50，门口买门票50，他卖120，真棒
398,2020-05-17,未知,2,还不如直接去买，还送惠民券！送了个50的美食券，刚开始问了人不知道，出了景点，晚上打电话给携程客服才知道在哪里！关键在景点里！！购票界面一个说明都没有！在哪里？怎么用？
399,2020-05-16,未知,1,明明买了两个人的门票，船票工作人员因自己的工作失误船票只认证一人，怀疑我们两个人套票，强行把人扣留在船上，要求再次验票，态度极其恶劣
400,2020-05-13,未知,1,疫情刚过，复工复业不应该比以往服务更好才对吗？景点工作人员服务态度超级差，一脸的不耐烦，导游服务台的服务员咨询问题眼皮都不抬一下，像机器人一样回了六个字:不知道！自己查！进门的大哥搞得跟欠他钱似的，门口也准备进门的游客有的都生气退票了，我们进来也后悔了，完全没有心情看景色了，对传说中扬州的向往完全被不热情而且很丧的个别扬州人弄没了，去这么多地方玩过，这是印象最差的一次，一万分的不推荐！！！
401,2020-05-08,未知,1,不值得去，扬州人用瘦西湖抢钱，门票100元（给的发票是原来60元的发票上盖一个100元的章）还不如去杭州西湖。
402,2020-05-02,未知,1,100块的票送100的消费券（全扬州市消费），120的票送50消费券（景区内餐饮使用）和船票（价值45），不知道是不是我算术不好，又被套路了
403,2020-05-01,未知,2,好好好(??)好
404,2020-04-24,未知,2,好无聊，就一个大公园，啥都没有，特别没意思！比杭州西湖差远了。杭州西湖不要钱不说，景色也好。没意思。不会再来了！
405,2020-04-23,未知,1,非常垃圾，订的95元的一张票 进来跟我们说门票可以换成一张45元的餐饮票或可坐车 一张是50元的游船票 等我们到游船的地方了 跟我们说没法使用 还说三点之后就不能用了 换票之前都没有人跟我们说过这件事情 来这边就是想游船的 不然来干嘛的
406,2020-04-15,未知,1,千万不要去坐船
407,2020-04-08,未知,1,一进门要坐船让我坐回来的，但是没有任何地方告诉我下午几点游船结束，我到码头告诉我结束了。 我非常生气，跳下湖游了回南门。
408,2020-04-02,未知,2,暑假去的，太热了，太热！景色一般般，趣味性不大
409,2020-04-01,未知,1,也有点太C了，连骨架子都没剩下。实在感觉不到二十四桥明月夜的风韵！票价也有点太贵了！不值这个价！！
410,2020-03-25,未知,1,特别差的一次旅行体验 团购的船票 要找很久 而且景点的穿有好几家 你要到处问 到处找 去过最差的一个5A景点 没有之一
411,2020-01-21,未知,1,很垃圾对不起门票价格
412,2020-01-15,未知,2,讲得不行，都是野导水平的导游词，我今年考的导游证，这些词和正规导游书上的词出入很大，不建议使用，建议还是找个水平好的景区导游。
413,2020-01-11,未知,2,挺失望的景区 配不上名气 跟西湖没法比 西湖还不用门票
414,2020-01-10,未知,1,根本就没法使用，点击进入始终显示不在范围内!以为自己手机定位没打开，然后将GPS定位重新设置还是显示不在范围内!无语!
415,2020-01-01,未知,1,实在没什么用
416,2019-12-30,未知,2,没特色，以后不会再去
417,2019-12-26,未知,2,太短！性价比不太高
418,2019-12-18,未知,2,感觉没啥用
419,2019-12-15,未知,2,一般一般吧！
420,2019-12-11,未知,2,也许是网络原因吧，讲解和所到之处有偏差
421,2019-12-03,未知,2,门票贵，还是杭州的西湖好，都不要门票
422,2019-12-02,未知,1,我觉得门票太贵了，不值
423,2019-12-01,未知,1,扬州景点有点收费偏高，停车费也高。
424,2019-11-30,未知,1,很不好！游船找了半天没找到，连个工作人员都没见到！景区服务水准有待提高。景区还在建设中，好多东西挺乱的。反正一次不愉快的旅行。
425,2019-11-27,未知,1,售价太贵，景不值价。
426,2019-11-25,未知,1,古古怪怪古古怪怪无聊的一匹
427,2019-11-24,未知,1,当场买票100元，携程是便宜一点。不过告诉大家瘦西湖给的入场券是票面60元的，在上面盖了个章提示涨价到100元了，二个人给一张60元的门票在上面手写2人！无语！
428,2019-11-24,未知,2,唉，景区里居然有野猫，还被猫给挠了，赶紧出门去打狂犬疫苗了，基本没有怎么玩。大家以后去了看见景区里的猫不管看着再可爱也不要逗它。
429,2019-11-21,未知,1,人多，心累，景点烂
430,2019-11-20,未知,1,非常不好，根本不能用
431,2019-11-13,未知,2,这样的景点收费过高，没有什么特色，水质太差。
432,2019-11-08,未知,1,语音体验不好，没有自动定位，且卡
433,2019-11-07,未知,1,服务态度太差，问个问题一点都不耐烦
434,2019-11-05,未知,1,不好玩收费贵
435,2019-11-02,未知,1,基本是鸡肋
436,2019-11-02,未知,1,基本是鸡肋
437,2019-11-02,未知,1,基本是鸡肋
438,2019-10-31,未知,1,根本没用没
439,2019-10-31,未知,1,讲解太不专业
440,2019-10-27,未知,1,太不值了，建议不用去
441,2019-10-27,未知,1,一点不好用。进入使用，只要屏熄一下，或者用手机照一下像，重新进入讲解都要重新启动一下，还不如免费的百度地图好用，极不推荐使用
442,2019-10-26,未知,2,很一般般吧
443,2019-10-20,未知,1,前台态度冷漠，没有语音讲解
444,2019-10-17,未知,2,瘦西湖一日游，风景美如画
445,2019-10-16,未知,2,跟以前没法比了，纯粹是去看人的，哪哪都进不去，各种挤，景色一般
446,2019-10-16,未知,1,太贵了，人又多
447,2019-10-13,未知,1,杭州人去看瘦西湖。。。内容************************请问？
448,2019-10-10,未知,2,大公园，不值得特地跑去玩。非节假日去溜达溜达就行了。
449,2019-10-10,未知,2,大公园而已，闲着没事去散散心可以。当景点有点过分了。
450,2019-10-08,未知,2,如果没有导游讲解的话，这就是一公园，门票太贵了，十块钱都嫌多
451,2019-10-07,未知,2,真的一般般的游园，商业化太重。只闻其名，见过游览后，也只是觉得在江南众多园林中，最普遍常见的形式。不会做一个回头客。
452,2019-10-06,未知,2,只有风景，没其它特色！没有游乐设施，不好玩！
453,2019-10-06,未知,2,不好玩儿，不值这个门票钱，没有找到扬州好玩儿的
454,2019-10-05,未知,2,不愉快的事情还是发生了，两个景点不是同一个地方，紧赶慢赶好不容易从两百公里意外到了扬州，先进了瘦西湖，告诉我们不是同一个地方，也不能再出去，否则瘦西湖的门票也要重买，电话联系客服，希望能协调到下午15：30去看马戏，然并卵，再次买了马戏门票，看完演出，携程的不可取消的信息也来了，没有任何理由。@携程 请给我你们的协调应变能力回复！
455,2019-10-05,未知,1,没啥意思，真的没啥意思，跑了半圈就出来了
456,2019-10-05,未知,2,就是一个城市的景观公园而已，人也很多，游玩的体验比较差。太浪费体力了，如果选择坐景区的游览车，那哪还有游玩的乐趣？还不如去逛逛老街。
457,2019-10-05,未知,1,不咋滴啦…………………………………………………………………………………………………………………………
458,2019-10-04,未知,1,瘦西湖景色不错，但是电瓶船千万，千万，千万不要玩！景区自驾电瓶船，年数较长，工作人员安全意识单薄，我拿到的152船，被推向湖面后失去方向，与多艘大型游船碰撞，工作人员施救较慢，并且在我们拿船时工作人并未协助我们检查船只，也未强制我们穿救生衣
459,2019-10-04,未知,2,为什么第1个订单是90，第2个订单就变成95了？我也没注意就付款了，没有优惠，虽然只有10块钱，但是很郁闷。
460,2019-10-04,未知,2,去过几次了，门票一直在涨价，目前已经涨到95了，全是人工雕琢的痕迹，门票已经这么贵了，里面还搞票中票，另外收费。一点意思都没有，这次是带孩子玩一下，以后再也不会去了！
461,2019-10-03,未知,1,人太多了，没看到景点，只看到人
462,2019-10-03,未知,2,里面没什么好玩的，就是看看树木，古代建筑，最大的亮点就是看人；门票价格太贵，估计以后不会再去了。
463,2019-10-03,未知,1,人很多，票价贵，不值，没西湖漂亮，西湖都免费的
464,2019-10-02,未知,1,说实话这个景点有点过度包装，来一次就不会去第二次
465,2019-10-01,未知,1,本来高高兴兴从家开车来瘦西湖 做个船到南门下来 下船看到南门就出去了 一出去看到马路傻了 再回头不让进 出口那个女人说出去就不能进来 我说晚上的春江花月夜还没有看呢 她说不能进 我说不能进 演出怎么看 旁边的检票男人说 打车你们去东门 我说我带着孩子游瘦西湖需要从南门打车去东门那我瘦西湖门票干什么的 垃圾 这人太过分了 我不管你有没有看到我出去 当我把票展示给你看 你还不让我进就是有毛病 难怪游客那么少 都被这些不合格的工作人员搞的 扬州不就瘦西湖是旅游窗口吗 你们这样的素质我也是醉了 把你们都弄到南京去培训一下 学习一下什么叫素质 什么叫工作
466,2019-09-28,未知,2,不是太好，和一般景点没有什么区别，但是门票有点小贵，90，游了一半做的手滑船，80。…
467,2019-09-24,未知,2,都说好看！不值门票！就是以讹传讹说的那么好看！
468,2019-09-20,未知,2,环境不错，也值得玩。但是这个门票虚高，不值这个钱。
469,2019-09-16,未知,2,门票价格偏高了！里面有游船另外要收费的。没有瘦字的西湖不要门票的。要让大家都来领略祖国的大好河山！要降低入园门槛。
470,2019-09-15,未知,2,很一般，门票还卖这么贵，只能骗骗被瘦西湖名字吸引的人了
471,2019-09-15,未知,2,我是山东人，来扬州去了东关街，个园，感觉不错，东关街的东西价格不贵，和比济南芙蓉街，宽厚里价格差不多。看了瘦西湖的网络评价，本来不想去的，又觉得来扬州一趟，瘦西湖排名第一，就算差评多也得去看看吧，去了以后果然没让我失望，湖水能见度5厘米吧，和肥皂水一样，门票100，5A的大明湖 西湖 可是免费的，船票贵一些也能接受，外面2元的冰激凌，里面卖20元，饮料自助售卖机是最便宜的，太少了。总体来说门票不值100，水质很差，和乾隆有关的故事才是最大亮点。还有出门西门北面的停车场没有收费，比较意外，可能是给外省游客的特殊照顾吧，赞一个！
472,2019-09-15,未知,1,没有导游功能，只有讲解，作用不大!!!!!!!
473,2019-09-13,未知,2,人挤人 而且也没啥美的 个人感觉真心没意思
474,2019-09-09,未知,2,地图特别难用，讲解干货不多，废话和配乐很多余，我都1.5倍速播放。
475,2019-09-01,未知,2,从上午九点进园，到下午四点出来，停车费30，前几天去的连云港的渔岛和花果山停车费都是免费的，感觉票价略贵，也不好玩，里面的酸辣粉15元一份，凉粉10元一份，饼5元一个，门票携程95，景区卖的100
476,2019-08-26,未知,1,瘦西湖很好，风景秀丽，携程第一张票有优惠，第二张票刘没啥优惠了。非常气愤的是，景区门口租的语音解说器，按时还了，却双倍收我的钱，收了六十元，堂堂瘦西湖，居然搞欺诈，过分！
477,2019-08-26,未知,2,感觉很一般，没有什么特色，回头想来，都记不得曾经去过。瘦西湖，这个名字有点蹭西湖的感觉，一点儿也没有西湖好玩，什么玩意，感觉上当了
478,2019-08-25,未知,1,门票只是进门的费用，进去后什么都收费，工作人员态度都不好，这种地方也只有一次了，去了再也不会去第二次，感觉和小公园没啥区别，整体感觉游客就是冤大头。
479,2019-08-18,未知,1,还可以，景点非常大，走的累死我了
480,2019-08-18,未知,2,非常不值，不推荐，夜游演出，150 坐船算50（实际不值），演出算50（实际不值，演出不行），怎么算出个150？
481,2019-08-18,未知,2,非常不值，不推荐，夜游演出，150 坐船算50（实际不值），演出算50（实际不值，演出不行），怎么算出个150？
482,2019-08-18,未知,2,非常不值，不推荐，夜游演出，150 坐船算50（实际不值），演出算50（实际不值，演出不行），怎么算出个150？
483,2019-08-18,未知,2,非常不值，不推荐，夜游演出，150 坐船算50（实际不值），演出算50（实际不值，演出不行），怎么算出个150？
484,2019-08-14,未知,1,"船速度很慢，一圈下来要超时几分钟，结果又被扣90块钱。按照电子票的时间差一分钟都要扣钱,很坑啊！！！"
485,2019-08-11,未知,2,走的累死，无聊无聊好无聊无聊超级无聊
486,2019-08-08,未知,1,太差了。。……………………………………………………………………………………………………………………………………………………………………………………………………………………………………………………………………………………………………………………………………
487,2019-08-04,未知,1,挺坑的，没啥用！人多不推荐，除非你一个人旅游！
488,2019-08-04,未知,1,网上订的演出票座位最靠边，而且还没有观看的票据，需要和工作人员解释
489,2019-08-04,未知,2,讲解完一个点需要退出再搜索下一个，没有游览路线，不是太好的使用感受
490,2019-08-03,未知,2,名气大，实际也就一般般了，旺季门票太贵
491,2019-08-02,未知,1,景点管理不好，人非常多，环境不行，池塘水太脏，景区内部还限行，体验感很差
492,2019-07-31,未知,2,真心觉得没什么意思，就是一个大公园，从北走到南，差点没热死！
493,2019-07-31,未知,1,景区很大，风景很好。有电瓶车和游船游览坐。 重点来啦……是二十四桥游船码头工作人员服务态度差，游客坐船被拒载，游客本可在二十四桥码头坐50元的游船去南门附近东堤码头，游船买票工作人员，却强迫游客坐800元包船的手摇船（费用增加一倍）。瘦西湖好好一个5A景区，扬州的城市名片，却被这等人损坏景区形象。实在为扬州瘦西湖风景区惋惜！
494,2019-07-21,未知,2,自我感觉并不好玩，全程都是树水，里面适合天气凉一点散步，这个天是真不适合，天热太阳又晒，景点里也没什么吃的
495,2019-07-18,未知,2,清明人超多，个人感觉就是个大园子，水也不大。也许是不懂欣赏。北门那公交站堵的一笔。。不过黑车和出租真是很公道，为扬州人点赞。但是很淡很淡的扬州饭，还是吃不习惯。。
496,2019-07-15,未知,2,非常失望，与我家门口公园一样，枉花了60元门票
497,2019-07-12,未知,1,根本听不了骗人的！！！！！！！！
498,2019-06-16,未知,2,评价差不在于景点，而是景点内的游船。我们是端午去的刚从大明寺下来准备步行前往瘦西湖，偶遇游船问了下60/人不过由于我们已经在网上买了瘦西湖的门票所以不能上船。大明寺到瘦西湖步行距离反正不是很远，我们大概花了10分钟？忘了是哪个门进去的了，不远处看到游船想着好不容易来一次也要体验一下，100/人说是游湖一圈，和前面同条件却随意报价，但是本着参与的心态我们选择了50/人-两站的票，不到五分钟就结束了两站之旅虚无与懵圈，因此建议游船不要坐了，或者坐一圈然后再好好游园。我们从中间下以后都不知道该往哪儿走，那天端午人多太阳大，不到两小时我们就出来了，没有好好欣赏到景色，改天找机会再来好好品味下。游园过程中有包小船的，一律按4人算，好像是150/小时，相对于游船可以根据自己的心意走也不会在水上走马观花的啥都看不好，瘦西湖如果想要细细的看估计需要4-5小时的。大明寺忘了说，记得花20/人去塔顶看一下，塔顶景色最好看！
499,2019-06-15,未知,1,码头明明都关了，还在卖虹桥坊东堤的船票，害我们跑来跑去的，又退了再重新买，我还带了老人，老人走的头都晕了，大家都不开心！一个像公园样的地方还要收六十块，坐船就十分钟还要收五十，真的性价比太低了，还不如在上海的公园玩玩游船还便宜，差劲
500,2019-06-14,未知,1,卸载，再也不用，陷阱软件。。。
501,2019-06-03,未知,2,和杭州西湖比差远了，还要收100元的票门，价位有些高，50元左右较为合理，应该不会再来瘦西湖游玩了，而杭州西湖去了无数次都还想去，为什么呢？
502,2019-05-29,未知,2,不好，还收钱，百度地图里面都有免费的，之前不知道，要不然打死不买
503,2019-05-24,未知,2,徒有虚名瘦西湖，一条脏河绕弯流。 河上亭桥尚可观，弯径晒人催君还。 来不来皆可，还是去看杭州西湖吧。 游走路径无荫蔽，一趟下来，晒得人都黑了。
504,2019-05-22,未知,2,一般般的景点，套路多多，继承自砸品牌的光荣传统。
505,2019-05-14,未知,1,，。。。。。。。。。。。。。。。。。。。。。。。。。。。。。。。。。。。。。。。。。。。。。。。。。。。。。。。。。。。。。。。。。。。。。。，。。。。。。。。。。。。。。。。
506,2019-05-14,未知,2,4月去的，托了“烟花三月下扬州”的福，看到的全是人，景？不存在的只有人，people mountain people sea.建议景区在旺季的时候能限制流量，采取措施网上预约的管理方法
507,2019-05-11,未知,2,人多！没什么好玩的，人太多了！
508,2019-05-06,未知,1,100一张门票不知道怎么定的，地方是比前几年去的时候大了，除了一些花花草草，真没什么可以看的，湖很小
509,2019-05-06,未知,1,，走不动，完全被人流推着走的感觉。园子人山人海体验很差，也不是不美，但是没有传说中那么让人惊喜吧。淡季去可能好些
510,2019-05-05,未知,2,感觉一般 里面除了湖就是卖东西的
511,2019-05-05,未知,1,后台人员可以在预定说明中就把《春江花月夜》写清只限游玩当日有效、次日无效吗？！！！在最后的“其他说明”中才写次日无效，很容易忽略！我的两张票就作废了，差评！
512,2019-05-05,未知,2,还凑活，下次在光顾，哈哈哈哈哈
513,2019-05-04,未知,1,风景很好，景区管理混乱，中午不能出去，出去就不能再进来，只能吃破盒饭，难吃。差评
514,2019-05-04,未知,2,太贵了，没什么好看的，西湖不要门票，瘦西湖差那么多，竟然要95。
515,2019-05-04,未知,2,说实话，瘦西湖景色着实一般，而且旺季票价太高，唯一让人还觉得有点看头的就是坐船，南门进坐船到西门，再随便看看，值得玩的总计也就一个小时，门票加床票150。
516,2019-05-03,未知,2,节假日期间不推荐游玩，没有任何意义，建议节假日在大门拍照留念即可。
517,2019-05-03,未知,2,春江花月夜的检票时间，节假日有提前，但网址根本没通知！我到达时候演出已经开始20多分钟了，只好等后面一场，等一个小时！携程，你能不能用点心！
518,2019-05-02,未知,1,人山人海，赏景心情全无，景点里物价很高，服务理念跟不上。另外同行的伙伴里有军官证也是全价票，据说前些年一直免费，最近才改的规矩。扬州旅游部门穷到需要用这种方式赚钱了吗？在江浙沪地区还真是闻所未闻呢。
519,2019-04-30,未知,1,景区电瓶车设置极其不合理，大家不要再上当受骗了，一定提前问清楚，把人拉到地方，只要一下车，就要重新买票，太不合理
520,2019-04-30,未知,1,不好用，什么破玩意，垃圾垃圾垃圾
521,2019-04-30,未知,2,整个园区秀丽，漂亮，就是湖水太脏了
522,2019-04-27,未知,1,你你你就斤斤计较斤斤计较哈哈哈哈姐姐好久好久
523,2019-04-20,未知,2,门票很贵，人很多，比免费的西湖差远了。没给很差是看在手摇船**姐辛苦的份上。别人有西湖，这里有瘦西湖。别人金山，这里小金山。事实真明莫要盲目攀比。
524,2019-04-15,未知,1,瘦西湖就是一公园 票价95 太坑了
525,2019-04-15,未知,2,演出既没有宏大的场面，也没有带入感的实景展现，完全是小孩过家家式的假比划，座位只坐大约前五排，而且好多人提前退场。太不值了，建议不要购买此票。
526,2019-04-13,未知,2,景色一般吧，就是一个公园。不理解为什么名声这么大。我觉得不划算，性价比太低。
527,2019-04-09,未知,1,非常不好，电动船速度如蜗牛一般慢！且调头，转弯相当不灵敏，服务人员还说属于正常，非常容易出事故！！
528,2019-04-09,未知,2,没有特点，门票贵，也就是一次性消费
529,2019-04-08,未知,2,有点坑，唉，身为扬州人居然不知道优惠的政策。。这真是无语了。
530,2019-04-07,未知,1,人山人海……最可气的是乘龙舟游瘦西湖的船票竟然坐地起价，没有良知的景点！好好的心情被他们弄得一团糟……
531,2019-04-06,未知,1,发船组织混乱，易引起踩踏事故，绝对差评！
532,2019-03-26,未知,2,景区门口没有导览图。西门停车保安说没车位结果停到另一边走回来又有了！从西门往北门走一路上没桥无法过湖也没有指示牌提醒。极度不人性化。
533,2019-03-25,未知,1,一点一点都不好玩，免费我都不想进去玩，门票还卖这么贵 就是看看湖 看看花
534,2019-03-25,未知,1,行程太短，建议行走或自驾电瓶船。
535,2019-03-24,未知,1,客服很好！就是多买了三张不好退。以各种理由推脱。希望下次改下程序或跟客户多解释。
536,2019-03-24,未知,1,一般一般的公园，管理不善，公园应该开放，应该是市民的休闲场所
537,2019-03-18,未知,1,景点不值这个价，就是一般的公园，
538,2019-03-16,未知,2,门票可直接刷身份证进园，每次去外地出游特地准备两张身份证拿在手里给检票员刷，瘦西湖的检票员服务态度很不好，她只要二维码扫，既然身份证都给你了，为什么再让我们掏手机耗流量费尽心思打开软件扫二维码，本来很简单的一件事搞这么复杂干嘛，身份证就进不去了吗？必须二维码吗？
539,2019-02-14,未知,1,雨天，没准备好雨伞；洗完以后有雨伞租赁服务，路牌不是特别清晰
540,2019-02-13,未知,1,瘦西湖这个观光车太垃圾了 太垃圾了！票早已买过 要上车说位置有人 再下一辆说人家包车了 两个人不给上 还要等下一辆 那是必须凑满人数后剩两个位置才能上吗 售票人员还说喊我我没听见上车 人就在旁边 要上车不给上 看我们人少不给上车吗 再也不会来
541,2019-02-10,未知,1,不好玩，不值得推荐，体验很差。
542,2019-01-27,未知,2,很好，不错，可以，哈哈哈，**************************************哈哈哈哈哈哈哈哈哈
543,2019-01-19,未知,2,一般般，不值那个门票价格 ，里面没有什么可观赏的。
544,2019-01-15,未知,1,一般一般般***
545,2018-12-26,未知,2,好大好贵，转悠了半天和一般的公园没什么区别
546,2018-12-22,未知,2,地广人稀，心怀不轨的人可以去那里发财
547,2018-12-15,未知,2,卖的比景区贵好多，后悔提前在携程定了，居然还不可取消
548,2018-10-25,未知,2,差评！国庆临时涨价，水质很差，特别脏
549,2018-10-21,未知,2,真心感觉没什么特别，就是一个普通的公园，门票还这么贵
550,2018-10-20,未知,1,杭州西湖早已还湖于民可免费欣赏游览，瘦西湖居然门票100元，无语～ 可放弃
551,2018-10-17,未知,1,一点意思都没有，就是个公园，湖水脏兮兮的颜色。白瞎95门票了。不建议游玩。
552,2018-10-15,未知,1,价格有点贵，赶上人又多，不划算
553,2018-10-07,未知,2,说实话就是普通的公园，依靠瘦西湖而已，票价太高。可以参考南京玄武湖免费，虽然扬州经济还不够，但携程95票价高确实太高，定价30元左右个人觉得比较合适。
554,2018-10-07,未知,2,有点伤人，价格够高的，收了两次费，门票，船票加一起费用太高了
555,2018-10-07,未知,2,瘦西湖就是一个大公园，没必要把门票设置的这么贵，本来想做船的，但是连五个月大的宝宝也算一个位置，导致我们一个船坐不下只能放弃，感觉这个规定一些不合理。在扬州吃到了新鲜的芡实。推荐扬州宴这间餐厅，消费一般，环境挺好，特色扬州菜，很不错的体验。
556,2018-10-06,未知,2,说实话瘦西湖挺好看的。但是一个人100的门票真是太不值了。。其实就是一个湖旁边的公园，觉得还没有西湖好。水也很混。湖上都是机动游船，完全可以做成一个免费的城市公园。 有点坑。。如果是会有点点心疼钱的话建议就在四周转转，其实也能看全。
557,2018-10-04,未知,1,性价比不高，小小一个公园门票要上百，里面还没什么好玩的，不值得去。
558,2018-10-04,未知,1,瘦西湖就是一个公园，没什么好玩的，那里的景点到哪都能见到，还收100多门票，绝对坑，垃圾景点，
559,2018-10-03,未知,1,同程才30，携程这票价也太坑人了。赚钱有这么赚的？？？欺负老顾客啊。以后可得注意了。喜欢用携程的朋友可是要当心。宰熟！！！
560,2018-09-23,未知,1,至售票窗口换票想留作纪念，结果售票大姐一听在携程买的票上来就变脸，嚷嚷着说:你把钱支付给携程了，又不是给我们的，没有票刷身份证进。心中一万只***经过，以为本宝宝是第一天出来玩儿吗!!!后来我把携程订单上可以到售票窗口换票的补充说明读给她听，加上那大姐一看我急了，立马改口说，刷身份证进园的时候可以问检票员要纪念票。尼玛，早说啊，大清早的搞的心情不爽 ……票价本身没有问题，服务人员态度给差评
561,2018-09-09,未知,2,瘦西湖，完全赢在了这个名字上，去了那么多次西湖，瘦西湖与之相比小了太多，只能算是个公园吧。票价也是扬州景区里最贵的，且去的时候还是旅游淡季，园内人不多，不敢想象国定假日这里会是怎样一番景象……
562,2018-08-25,未知,1,门票要60块。里面都是近期修的，一点原始风貌都没有。唉。大失所望。
563,2018-08-20,未知,1,完全对不起瘦西湖的名气。景区设计没有一点诗意，湖水很脏，甚至有异味。夏天去跟在大街上一样热的不行。按理说这种带水的公园多少会有些凉快的，然而她并没有。很差很差的体验，门票居然还收费60。
564,2018-08-19,未知,1,去的时候下大雨，没有工作人员提醒门口小商店买一次性雨衣，游玩的时候暴风雨来了，有树刮断了，挡住了路，出门时告知检票人员，她让我们去找她***反映，真心***。
565,2018-08-17,未知,2,感觉上当受骗了，买贵了。到售票处老年卡才半价 30。
566,2018-07-25,未知,2,坐了船到了24桥，然后没有然后了，一条一个人都没有的小路直接走到北出口。问路工作人员爱理不理的，去的朋友千万不要走我们走的那条路，啥也没有，一条走廊直接出门。非常失败的一次旅游
567,2018-07-21,未知,1,真心不好，一进去里面都是树林，树林里藏的都是垃圾，石碑上不是雕刻是贴上去的，真心把人当傻子哄！
568,2018-07-10,未知,1,春江花月夜演出在瘦西湖景区内，但必须从东门进，我车停在南门，所以问了个南门的傻保安，他也说不清楚，就回答说“表演在东门，出了门就不能进了。“其实应该是先出瘦西湖景区，再从东门换票进，这傻保安只说了半句，而且在表演现场也没有任何说明提示，订票的短信也没说明，我只能在景区里等到20:30开演，表演也一般，就一些普通歌舞，性价比很低。以后有问题就不要问保安了，保安也就知道看门，具体情况也不会知道，最好问管票务的工作人员。
569,2018-07-06,未知,1,不推荐，景点售票处就是60元的价格，而且几乎也不用排队。
570,2018-06-23,未知,1,一般般，不值这个价钱，没什么看的
571,2018-06-23,未知,1,不值这个价钱，里面没什么东西，规划一般
572,2018-06-23,未知,1,游船体验非常差，左边的侧脸那位工作人员得知我们是网络票，对我们态度极度差！爱理不理，验了票后还要我们等20分钟才可以开船，还翻白眼……我也是醉了……结果等了20分钟，也没有等来一位客人。现场买好像也是这个价格，还不如现场买了。至少态度不是这个态度。
573,2018-06-10,未知,1,小子，胆挺肥啊，敢叫西湖，知道吗，真西湖免费啊，你要一百多，比西湖更美一百倍多吗？
574,2018-06-03,未知,2,门票太贵了。完全不值这个价钱。
575,2018-06-02,未知,1,感觉扬州处处都是坑，去了不想再去第二次
576,2018-06-02,未知,2,不咋地，就一个公园，没什么特别的，后期人造景点
577,2018-05-31,未知,1,一条臭水沟，好多人来游，若问啥特色，水沟确实瘦。几棵樱花树，号称樱花山，骗你没商量，简直不要脸。五A级景区，名头有点虚，若问何感受，此行真叫屈！
578,2018-05-28,未知,2,"对于从苏州来的小伙伴来说,实在是没有什么看头呢，人工痕迹太过明显，湖水也不清澈。90块钱的门票，性价比不高。"
579,2018-05-26,未知,1,景区工作人员服务态度不好，经营管理水平太低
580,2018-05-20,未知,1,值得一看风景非常好。就是门票贵了点
581,2018-05-20,未知,2,这个门票和景点不符合，有点小失望
582,2018-05-15,未知,1,很一般的公园，看过了大杭州的免费西湖，这个简直性价比太低，就是有点颐和园的意境，但这个价格还不如去颐和园算了。但想想人都在扬州了，那就去吧，很鸡肋的感觉。
583,2018-05-14,未知,2,一般没想象的那么好去扬州就是去吃的
584,2018-05-13,未知,2,坐个船，费用大贵。50元一个人，还只是单程，最厉害的是，人家开船的态度相当差。瘦西湖那么好的景区差点毁在一个画舫驾驶员的态度上。服了
585,2018-05-13,未知,1,买了两张，二百块钱白瞎了。好多人造景点，真没意思。
586,2018-05-12,未知,1,当你点击这个产品查看详情时候时候，所有地方都是在写50起。然而到了最终预定日期页，立马变95元。先入为主的套路坑人比较厉害。
587,2018-05-11,未知,1,上当了受骗了，不是门票干嘛要写门票，亲们看清楚，这个不是门票，是船票，还得再买门票，不是价格生气，是跑来跑去找不到进口生气
588,2018-05-11,未知,2,外地人周末门票奇贵，差评!!!!
589,2018-05-05,未知,2,不怎么样，地方小，环境一般，等待时间长
590,2018-05-01,未知,1,说句心里话，就是个大点的人造公园。门票一百。扬州著名景点，不去吧遗憾，去了吧更遗憾。我去过那么多景点，青岛崂山或者广西青秀山，门票属这个瘦西湖最贵，但是真的太不值了。什么二十四桥还有五亭桥，都是人造的小景。所谓烟花三月下扬州，也不过如此。还不如去个园看看里边的建筑。
591,2018-05-01,未知,1,感觉景点总是乱哄哄的！处处都要消费！真的不值！
592,2018-04-30,未知,2,好多人，天也热，景点只玩了一半。
593,2018-04-30,未知,2,性价比很低，门票价格一百元，没什么意思，去了九饿就上当了
594,2018-04-27,未知,2,门票太贵，二个字:不值，与免费的杭州西湖比，天上人间
595,2018-04-20,未知,1,扬州道路基础设施太差，瘦西湖里面出售食物的场所太少，买点吃的排队一个多小时，而且还遇到食品过期的情况（其他游客的遭遇），总得来说，建议去杭州玩，瘦西湖，对不起票价
596,2018-04-16,未知,2,一个普通大公园圈起来就要收95块的门票吗，太不值了
597,2018-04-16,未知,2,对取票地点限制太多，提醒不明显，严重影响旅游
598,2018-04-13,未知,1,徒有虚名！不就是个街心公园吗，真不值！
599,2018-04-11,未知,1,真不想给差评，现在就在瘦西湖里面，服务太差，门票一次性凭身份证给进了，游船票给工作人员看短信，说东门不让坐，让去北门，去了北门还是不让坐，让去南门，我想问下能不能退票？再好看的景色也没有心情了
600,2018-04-10,未知,2,没什么好玩的，价格太高，很不值得！
601,2018-04-10,未知,2,介绍很简单，我以为是电子导航介绍呢
602,2018-04-09,未知,2,手机声音太小完全听不见，不是很方便
603,2018-04-08,未知,2,清明假期去了扬州瘦西湖，天气晴朗，桃红柳绿，游人如织。但在春暖花开的季节游园，沁人心脾的花香，随风摇曳的柳枝就是令人神清气爽。人们沐浴在大自然恩赐的春天阳光中，尽情的呼吸着绿色的空气，放松心情，让身体和思想在春天里飞翔。真好，美丽的瘦西湖，无论何种表达对你的赞美都不为过。
604,2018-04-06,未知,2,不是太好了扬州烂交通 还各种修路 堵车 灰尘
605,2018-04-02,未知,1,电动游船体验较差，全景区只有一个可以使用电子票的点，而且必须在借船的点还船。徒步游览了一圈，原本想乘船回景点出口，没成想还得回到乘船点还船。
606,2018-04-02,未知,1,人太多了，只看到人头，看不见风景！风景自我感觉一般，就是城市公园！
607,2018-03-31,未知,2,总体来说，真是一次尬游，人多的一米，车子绕了一圈都没地方停，我老公就没进的去，把车停到很远的地方。逛了一圈出去的时候也是，路又封了，我一个人抱着孩子从南门走到西门，才找到我老公，搞不懂前面路封了为什么不提前告知。反正觉得瘦西湖还得加强管理，真是一塌糊涂，感觉几年都不会去了
608,2018-03-19,未知,1,没意思，就一个大公园，风景可以，没有特点
609,2018-03-16,未知,2,没啥好看的，票价却不便宜，去的季节也不是时候，光秃秃的园林，有些失望，反正下次不会再去了，园子里卖的东西到不是很贵喔，能接受
610,2018-03-12,未知,2,瘦西湖景点一般般，里面没有特别精致的景点。不值这个门票价格。
611,2018-03-10,未知,2,去的时候基本上不到什么花，没有什么特色，门票挺贵
612,2018-03-09,未知,2,其实景点很一般，不如去个园有意思
613,2018-02-25,未知,2,地图不能打开，景点只有部分介绍
614,2018-02-22,未知,2,说下携程的订票感受。本人1月底定了2月17日门票六张，17号下午两点左右因时间原因取消订单。18号从新订票5张，18号下午入园直接显示有效票6张，询问工作人员说，携程只能定一次，无法按照五张入园。这是莫名其妙地多收费了，首先17号取消订单，18号还没有审核退款，这是携程效率问题，以及与供票商衔接滞后；第二，携程让我提供入园五人证据，我不可能拉着工作人员要求人家视频证明吧，那我还要证明对方是工作人员，这又是个鸡生蛋蛋生鸡的问题。总的来说，退票效率低，审核流程缓慢，导致消费者体验差，不如同程等同类产品。
615,2018-02-20,未知,2,选择了正月初三去扬州叟西湖，在雨中游览啦叟西湖地滑人多管理很。
616,2018-02-19,未知,1,携程的联票如果不是当天玩的，就不要买，不要相信什么两日有效的，我已经上当了，处理问题也很不负责任，不推荐
617,2018-02-17,未知,2,现在随便什么景点只要是5A，门票价格翻几番，扬州也就瘦西湖这个大景点，总之一句话，不去很遗憾，去了更遗憾，票价定位高，就是个大的园林，风景大同小异，也算是去过了。
618,2018-02-17,未知,1,其实网上和现场票价一样，并且还锁定日期
619,2018-02-13,未知,2,节假日门票涨价 进去电瓶车另付费
620,2018-02-07,未知,1,垃圾携程，接机车乱派，完全不按照订单要求，垃圾！
621,2018-02-01,未知,1,直接去景点买票一个价钱的……一块钱都不便宜，还不给门票，用的电子门票
622,2018-01-29,未知,1,不好，一点都不好，目前看过的最差演出。
623,2017-12-30,未知,1,坑爹 不好玩 不好玩不好玩bu?q
624,2017-12-21,未知,2,这个电子导游真的可有可无，使用不方便。内容少，也没什么让人新奇的。
625,2017-12-13,未知,1,一般般， 去过西湖可以不用开咯
626,2017-12-10,未知,2,拔草拔草。就是一个大公园，风景还可以，门票太贵，性价比没有。春天里花花草草，算是美丽的。江南很多这样的公园，免费的。
627,2017-12-04,未知,1,网上买了门票+游船的套票，每人收费105元，但如果只买门票30元的话，进入瘦西湖后游船票每人仅仅只需60元，比买套票便宜，所以不满意套票价格。
628,2017-11-14,未知,2,网上跟门口价格一样的，网上买的没票，里面就是个公园，几乎没什么玩的
629,2017-11-14,未知,2,据说是乾隆乘船游览的路程，很失望，半个小时左右，且无人讲解。电子屏幕上说的不知所以，下船后西门200元请了一个导游，说是1.5小时，结果1小时不到就结束了，一路上也悠哉，还时不时接个电话。失望。
630,2017-11-12,未知,2,真的没什么玩的，我花了一百五一张票亏大了，三十差不多。
631,2017-11-09,未知,1,真的没意思，就是一个大点的公园而已，公园免费，这是我花了150一张票，全家花了将近700来玩的，不值得。不过带爸妈来一趟也算是玩了一个景点，感觉11月的30元的门票比较适合它。二十四桥之类的，就算游历个感觉吧，能买到三十的票进来玩玩吧，多一块钱都不值得。
632,2017-11-08,未知,2,买票很方便，就是景点不值得，不会有回头客！就是简单的盆花和池塘。
633,2017-10-31,未知,1,风景很美 游船服务只接待旅游团 想坐船态度很差而且要求必须花1600包船
634,2017-10-31,未知,1,门票贵死了，里面就一个湖，去了都说上当，扬州也没啥景点，
635,2017-10-27,未知,1,景色非常好。但十一期间票价翻了五倍，小家子气，让人恶心至极！
636,2017-10-25,未知,1,和普通公园没什么差别，真心不值！
637,2017-10-23,未知,2,景不错，门票价格不合理，不值150元，卫生一般，景区管理有待提高。
638,2017-10-21,未知,1,国庆的门票价格简直是疯了。呵呵。
639,2017-10-19,未知,2,携程的服务还是很赞的，入门直接刷身份证就可以，但是瘦西湖景区票价太高，性价比极低
640,2017-10-19,未知,1,刚进瘦西湖在小亭子里坐着休息，就有一只黄色的野猫把我女朋友抓伤了，为什么会有野猫在里面???玩也没玩到五分钟，立马出来跑去医院，带孩子的小心了，太危险了！！！
641,2017-10-17,未知,2,风景还是很不错的，就是门票太贵了，尤其是周五到周日。
642,2017-10-16,未知,2,飞猪同样时间同样门票便宜了一半
643,2017-10-15,未知,1,不值得去！和外面绿化没太大区别
644,2017-10-09,未知,1,没有什么意思。门票超贵，而且都是后来新打造出来的，没有什么值得看的地方。只不过是名气比较大而已，但也只是名气大了而已。馊西湖的水质很脏，非常浑浊，看着这样的湖水，在这样的湖中玩耍都没有任何的闲情逸致了。
645,2017-10-09,未知,1,坑啊，门票平时30，假期150
646,2017-10-08,未知,1,国庆节假日门票贵了好多，但是也就算了，因为我买的是门票和船票一起的，船票的单据是拿不到的，所以工作人员擅自拍了我的身份证，携程以前还是挺正规的，但是现在供应商都不选择，什么人都招什么事都敢做
647,2017-10-08,未知,1,十一长假行程变化说能退，回了家又不给退，坑人
648,2017-10-08,未知,1,垃圾！超级垃圾！垃圾到死！垃圾！
649,2017-10-07,未知,2,门票价格有点贵，有点儿宰客的感觉，景区内收费普遍偏贵。观景不如听景，不适合小孩子转。
650,2017-10-07,未知,1,坑，，贵五倍的门票，我也是醉了。
651,2017-10-07,未知,1,较平时价格高5倍，太离谱。扯淡
652,2017-10-07,未知,2,平时门票30元，国庆涨了五倍，150元，太坑人了。可是到了扬州不去瘦西湖不就白来了，最后只能花600买了4张票。看别人点评都是在里面逛了3-5小时，可是我们只进去逛了一小时左右就走了。想不通为什么门票那么贵。凭什么收那么贵。
653,2017-10-07,未知,1,真的是觉得挺普通的，人又多，票价偏贵了，跟其他的5A风景区像九寨沟啊张家界啥的都不能比。西湖都免费呢，瘦西湖还收门票
654,2017-10-05,未知,2,性价比太低太低 旺季门票150/人 主要就是五亭桥那个景 湖水太浊 游船居然要50块钱一个人 游玩体验真的太一般一般 没什么看的 居然还要150元 不值
655,2017-10-05,未知,2,景区就是马马虎虎，150元的瘦西湖门票，真的是不值。多学学杭州吧，西湖都免费了，瘦西湖还要这么贵！
656,2017-10-04,未知,1,不值得，票价太贵节假日涨了三倍，
657,2017-09-17,未知,2,一直下雨，园区不大，正在施工，服务态度恶劣，景色一般。
658,2017-09-15,未知,2,不是很管用....没有导游管用
659,2017-09-10,未知,2,就是一个街心公园，没有一点特色
660,2017-09-07,未知,2,周五，周六星期天比平时门票涨价很多。停车场收费特高，四个小时收了40元。土匪行为。
661,2017-08-30,未知,2,门票偏贵，又是夏天去的。基本没怎么玩，就做了个船
662,2017-08-14,未知,2,不值这个价，和免费的西湖比，它就是个渣渣
663,2017-08-12,未知,1,这个不值，实际上园区内每个大景点前都有介绍，也可以微信扫码免费讲解。这个是个一整段的介绍，暂停了再开也麻烦
664,2017-08-11,未知,2,水像肥皂水一样！瘦西湖也没有想象中好
665,2017-08-06,未知,2,票价太高，旺季不要超过60，淡季不要超过30。
666,2017-08-04,未知,2,不好玩，门票太贵了，不会再去的
667,2017-08-01,未知,1,景色很好，但是这次购买语音讲解，太不值了！还用你来讲解呀，直接在景区内登陆景区微信公共号就可以！强烈不建议购买
668,2017-07-10,未知,2,就是一个小公园，票价太高不值，一个靠卖门票挣钱的城市，再也不想去了
669,2017-07-02,未知,1,买错了，还不让退，人没去！浪费钱了
670,2017-06-21,未知,2,150元太贵，好似抢钱 ，影响了扬州的形象。
671,2017-06-09,未知,2,没什么看头，可能去的时间也不太对，不值票价
672,2017-06-05,未知,1,不好玩，太小了，坐个船要400
673,2017-06-03,未知,2,水质一般，有几只黑天鹅，坐船蛮没意思的，就是一直走来走去的，热天去不太好，遮阴的地方不多
674,2017-06-03,未知,1,就是一个大公园，假期门票145，平日30。这价格差距，摆明了就是抓住假期出来玩的人死坑一把。30块钱还可以，多于30非常不建议去玩，太坑
675,2017-06-02,未知,1,门票太贵了！太贵了！太贵了！太贵了！
676,2017-05-31,未知,2,端午假期去的瘦西湖，景色还行，门票奇贵无比，150大洋一个人，一行四人光门票就600块，要是进去游船还得50块一人，性价比着实低
677,2017-05-30,未知,1,服务态度太差不同时间门票价格相差太大。没有返现无法优惠
678,2017-05-30,未知,1,特别没意思的地方！搞不明白为为什么那么贵？当地人门票很便宜，接近免费！八怪博物馆更是骗人的地方。停车费12进去五分钟出来！没什么可看，就几个泥雕塑。太无聊了！大明寺还可以。总之，扬州瘦西湖真的不要去了！
679,2017-05-29,未知,1,公园太小，湖水混沌，物非所值，差评
680,2017-05-29,未知,2,不是很喜欢，价高景不美，天太热了，累成狗
681,2017-05-29,未知,2,贵死了，节假日期间不建议去，主要是天太热了
682,2017-05-29,未知,2,这个用处不大，我们是浪费了的。
683,2017-05-25,未知,2,风景不错，可惜5月的天在太阳下太热，相比150的票价，实在是性价比极低的！
684,2017-05-23,未知,2,一般吧，优惠力度太小，也不知道有什么意义，为了鼓励减少人力，价格完全可以再低一点，景点一般，真的也就值淡季的价，行道树几乎没有，找个好点的种植师规划下吧
685,2017-05-23,未知,1,真心贵，名气大于实质，来一次就行的地方，再也不会来了，150元门票太不值了
686,2017-05-22,未知,1,什么破瘦西湖，就一小臭水沟，根本不是看水而是看树。太垃圾了，这样的破地方别的地方都是免费的，居然一个人还要九十的门票。 第一次出去玩不到两小时就离开了，实在是太无聊了！！！
687,2017-05-21,未知,2,景点门票太贵，150元，相比杭州西湖差远了，西湖还免费呢。
688,2017-05-12,未知,2,这景色和服务真是对不起这么贵的门票，一辈子转一次也就够了。反而是20元门票的个园看点颇多！
689,2017-05-09,未知,1,首先不说瘦西湖风景怎么样，携程网太垃圾，自己定的两天有效的票，我第二天才去居然刷不出票，打电话问客服，客服居然说我第一天要取票，第二天才能进去，你难道不知道你们自己在介绍里面写的“无需取票”！！！
690,2017-05-05,未知,1,有点被骗的感觉！小朋友半票收了：95元的船票＋50元的门票！
691,2017-05-01,未知,2,就这景区真不值那票价，也就五十块钱还差不多
692,2017-05-01,未知,1,理想很丰满，现实很骨感，说白了就是个大公园。很早之前就想去一直没时间，五一跑过去人很多但是没什么特点，150的票价性价比极低，不如个园。
693,2017-04-29,未知,1,便宜了10块钱，就没有门票了，没有纪念物了，有点失落
694,2017-04-29,未知,1,太贵，而且游览路线设计不合理，节假日跟普通日价格差太多。
695,2017-04-24,未知,1,太坑了，一个网页，还收费，什么功能都没有，
696,2017-04-16,未知,1,人太多.....上桥下桥人挤人，保安都在维护秩序要求不在桥上拍照，尽快通过，还是有人不自觉，不知道那么多人拍啥？
697,2017-04-14,未知,1,一点都不好。真是浪费了时间浪费了金钱，说好的，你告诉我哪里好。
698,2017-04-14,未知,2,景点不太全，走到一个小景点还得查地图看看这是哪里再自己对应点开。现场门口租的那种30元的，景点稍微多一点，走到景点自动播放。
699,2017-04-12,未知,2,花没开，再晚来几天就好了，有点小失望
700,2017-04-10,未知,1,这么小的景点，门票有点贵！景色还不错
701,2017-04-08,未知,2,不值，不值，真不值。自然风景谈不上好，人文的也很少。 看到了鸬鹚捕鱼，算是长了点见识。 交通指示不好，门口大堵车。
702,2017-04-07,未知,2,实在不怎么样啊，专程从上海开车过去，大失所望，湿地不像湿地，公园不像公园，除了五亭桥那里有点看头，其余地方可以直接略过
703,2017-04-04,未知,1,贵，太不值了，和普通公园差不多
704,2017-04-04,未知,1,定错了，不能退，根本没时间去，体验非常差。
705,2017-04-03,未知,1,景区面积很大，腿跑断了也只跑了一小半。景色布置蛮用心的，黑天鹅一家悠哉的戏水，很温馨;各种花卉争奇斗艳让人赏心悦目；景区内有付费电动车可乘还有游船，省得走路。不足，要是能增加点长椅供走累的游客休息就好了。150的票价有点贵了。
706,2017-04-03,未知,1,一条臭水沟出来的。不配收收这个价格
707,2017-04-03,未知,1,坐地起价，门票价格是平时的三倍。人还多。
708,2017-03-27,未知,2,性价比很低，就是一个大公园，我觉得门票48就差不多了，不推荐
709,2017-03-27,未知,1,就是一个大公园，性价比很低， 我觉得门票48就差不多了，里面没什么看头
710,2017-03-26,未知,1,骗子，把链接挂在瘦西湖门票下面，其实是温泉度假村，诱导消费而且不能退订！恶心！
711,2017-03-26,未知,1,去了扬州没去瘦西湖一点都没觉得遗憾，因为看了点评＋150内价格去他的吧，不过还是很喜欢这座城市，待了两天逛街景穿胡同购物吃饭感觉非常好，没待够还会再来！
712,2017-03-01,未知,1,太贵了！！！不好！！不值得去！！！卖票人员不好
713,2017-02-20,未知,2,"去完之后对扬州没有了好印象 1、门票价格偏贵 景色还没有西湖的好 花花草草居多 并没有令人五步一楼十部一阁的景色 游船也很贵 纯粹斩外地游客的吧 不会再去第二次 2、借楼说下扬州的美食 “早上皮包水 晚上水包皮”声明在外,但是它真的只是“名气”而已 包子糕点还比不上上海的街边小店。去了锦春以及冶春 家人吃了之后一致表示扬州美食称不上是美食 而且大家去记得把握好时间 中午1：30结束营业 玩景点再赶过去还是比较容易吃闭门羹的 东关街类似城隍庙之类 也没有逛的兴趣 3、扬州人民 除了乘古运河水上游的导游给我一种文明人的感觉 其他都是动不动三字经的野蛮人 开车习惯也超差 随意插车 停车 一塌糊涂 总之扬州不会再去 江苏地方去了那么多 扬州真的要给你个差评"
714,2017-02-02,未知,1,门票居然好要120！太贵！不值当！
715,2017-02-02,未知,1,停车费收了20元，走出去500米一个牌子写的停车费8元。官商勾结！旁边交警和黄牛串通一气！收了20停车费车还是被前面的车停的时候撞了，收停车费的人指挥错误，算钱的时候却跑的没影了。不知道怎么管理的，要不TM就别收费，瘦西湖的名声真是恶心光了
716,2017-01-01,未知,1,垃圾垃圾 谁去谁傻逼，环境差 设施旧 服务质量真堪忧
717,2016-12-05,未知,1,太差了！给杨州人丢脸，服务不好，导游骗人，我不来杨州市了
718,2016-11-25,未知,1,那个电子导游，千万不要买！谁买谁后悔！！！！反应慢，到了景点，也没啥语音解说！！！
719,2016-11-19,未知,2,这个季节还非说是旺季百十来块里边景色跟公园差不多性价比超低根本不值，跟免费公园没啥区别，只能说有点名气罢了
720,2016-11-14,未知,2,虽然不是烟花三月，但初冬的瘦西湖也挺美的，基本满园绿色，夹杂着些许红黄相间的实木。园子较大，步行较多，有电瓶车代步，如果体力好，不建议做电瓶车游览，会失去很多欣赏美景的地方。湖上有各种景观船，但总体价格太贵，比杭州西湖贵好多。。。。。
721,2016-11-06,未知,2,没什么意思，票价还很高，看古运河感觉历史风韵更强
722,2016-10-22,未知,1,"进园后通知春江花月夜演出取消,说是天气原因.收到短信后特意问了景区里的工作人员，以前是否有因为天气原因导致演出停演的情况，工作人员说基本没有，而且这雨都停了，但是走到东门取票，在出门处被告知演出取消...估计是当天买票的人少，正好阴天，演出单位就借故说演不了.不知道其他用携程定票的人是不是看到演出了，总体游玩体验就是坑.如果提前通知演出取消会选其他时间去，进去后才通知，难道是为了降成本？如果觉得成本高可以不加赠送演出票这一项，既然加了还因为不花钱这种原因和特别牵强的天气原因突然取消演出算不算欺骗消费者？对携程的评价大打折扣。本来很开心的去瘦西湖，进了景区后收到短信说送的春江花月夜演出取消，以为是诈骗电信，去东门取票被告知演出确实取消.说我们这本来就是赠的票,又没花钱。双方僵持了几分钟，东门的女工作人员说演出单位跟景区无关，让我们去找携程解决.回打短信电话一直无人接听，本想投诉发现投诉按钮不见了，难道投诉有时效性？"
723,2016-10-15,未知,2,总体感觉还好，没有预想中的好，可能期望太高了吧，跟西湖，苏州，乌镇比还是差点，不过还是挺美的就是太小了
724,2016-10-07,未知,2,如果以前有游历过江南山水园林之类的风景，那么瘦西湖并不会给你任何惊喜，只是因为有几句古诗词的典故；游船票太贵，游船管理也不及西溪湿地合理。
725,2016-10-06,未知,2,说实话。。。感觉像大公园，不太值这门票。。。。。。。。。。。。。。。。。。。。。。。。。。。。。。。。。。。。。。。。。。。。。。。。。。。。。。。。。。。。。。。。。。。。。。。。。。。
726,2016-10-06,未知,2,不好用，不能定位，介绍一般吧。感觉不太值啊，还是做好了再出来卖吧，这不是砸牌子吗？
727,2016-10-06,未知,2,环境不不错，就是没有特色之处！散步，晨练等是不错的地方。名气比现状大好多。也许是期待太高吧
728,2016-10-06,未知,1,整个江苏我去这么多地方，最差的就是扬州，地方的服务人员态度都特别差
729,2016-10-06,未知,2,性价比不高，没必要，这个景点，何德何能要150元一个人？想钱想疯了吧！国庆去人多，是预料之中的。总体，不会再去。
730,2016-10-06,未知,2,人多 ，太贵，性价比超级低。风景一般，何德何能要150的门票？
731,2016-09-26,未知,2,真的没有什么必要去，比西湖差太远了，里面的景点杂乱无章，有的还在施工，门票还贵！
732,2016-09-18,未知,2,瘦西湖可以说扬州的代表，第一次去扬州直奔瘦西湖可谓失望至极，不懂得150的门票卖点在哪里？150什么都不包括就进门看看，里面也没有特别的景点，有几个拱桥、凉亭。大部分植被，就像现在小区周边的公园。甚至还不如现在一些免费的公园。坐船显示25一站，其实那？一站不带，起步就两站50。两站也没有几分钟。二十四亭？那里有电动观光车20到本门，双程可以来回，不算休息来回也就10分钟！建议回来，因为毕竟双程票价。我对瘦西湖真的没什么难忘的景点和故事来历等。要说难忘就属这无厘头的门票，里面还有夜演出下雨天不演出，演出一小时票也不值！不建议购买，不建议大家来。真不是做广告，不如南京免费的玄武湖，莫愁湖。最后就是服务，售票员的态度，懒得回答，懒得说一句话，一副你爱买不买，没钱就走的样子。
733,2016-09-18,未知,2,瘦西湖就是一个公园而已，花这个钱进去看实在不值。里面确实挺大的，听说当地人半年卡进去很便宜，外地游客进去根本看不到什么风景。
734,2016-09-16,未知,2,"如果你已经看过杭州的西湖,这个瘦西湖不看也罢,当然你钱多例外,150块钱的门票真不值,如果你确实钱多,建议门票钱以外,再多花个一百多,坐个人摇得船游览一番还是有些别样的滋味."
735,2016-09-02,未知,1,里面没有意思，就是一个公园，而且门票太贵
736,2016-08-17,未知,2,景色优美，但是票价太贵，票价应该象征性的少收点，学习一下杭州西湖不要票最好了！
737,2016-08-15,未知,2,人太多了，基本上看不到花了，游船是个缺陷，哪里租的哪里还，假如可以任意地点渔船，随意地点还，会更加人性化！
738,2016-08-15,未知,2,这个湖吧，就是一个湖，节假日人比较多，逛了一半就不想逛了，也没什么特别好玩的地方，就是欣赏下湖景吧~
739,2016-08-12,未知,2,就是瘦长的一片水，原来是护城河。不值这个价格。 靠文人几句诗煽下情。那几个诗里提到的景点就那样，很一般。非得40个字，累不累啊。本来就花了冤枉钱，还没完没了的
740,2016-08-03,未知,1,夏天建议不要去瘦西湖了，和天热没关系，因为我们同一时间段也去了镇江、高邮。我们7月底去的瘦西湖，里面因为热、游人少，居然餐厅都关门，卖记念品的地方连电扇也没有，好不容易遇到有电扇的屋子，一直在吹服务员，整个瘦西湖看不到一点为游客着想的地方。天热想找个喝茶、咖啡的地方，全部关门，是因为人少节省开支吗？可门票并没减多少啊，不能因为淡季，白天就不营业啊！
741,2016-08-02,未知,2,没有很深的印记，因为跟国内的其它类似的很相似
742,2016-07-23,未知,2,没啥意思，水很脏，门票120，南门坐船，手摇船包船800，电动船一个人50，竟然只是走到西门，要想坐船到北门还要50！收这么多钱，里面的建筑也不整理一下，失望！
743,2016-07-20,未知,2,没有什么可以玩的，很无趣，没意思。
744,2016-07-15,未知,1,非常不值票价，性价比极低，白得西湖之名
745,2016-06-29,未知,1,第三次去瘦西湖，带着老人和刚满周岁的宝宝去的，感受比前两次要差许多。最有特色的书画碑林段施工封闭了，景点没有做任何事先告知，不仅参观体验打了折扣，还直接导致出门后必须坐车才能去大明寺。
746,2016-06-27,未知,2,景色多为人工景观。性价比太低。游船还另收门票。建筑基本是新建仿古。水系不是很清澈。
747,2016-06-26,未知,2,我们是六月份去的，120元的票价感觉真是不值得。就是个偌大偌大的公园，当天游玩的时候还热的要死。逛个公园花120个大洋实在是不值得。
748,2016-06-12,未知,2,我们虽然是淡季去的，没有什么花开放，但瘦西湖给我的感觉严重名不符实，硬是往西湖上靠，差距还是比较大的，并且门票还死贵，性价比很差。瘦西湖说是湖，还不如说是一处园林，里面有个处水塘恰当，树木很多，但湖水水质太差，不知道乾隆老爷子活过来还会不会在这钓鱼，景点的服务也做的很不到位，指示牌不多，且不明确，走了一圈冤枉路。扬州的城市感觉也和印象里的差距太大。
749,2016-05-26,未知,2,一点都不好玩，半价都亏了，就是“二十四桥明月夜”的幻想，差距很大，一般公园而已。
750,2016-05-19,未知,1,没有什么好看的，价格不合理，当地人不热情
751,2016-05-15,未知,2,满天的柳絮，掉在身上浑身难受，洗到喉咙里更难受！以后不会再来了！
752,2016-05-10,未知,1,一次性的，门票收得极不合理，那么小的地方坐船收费2千
753,2016-05-09,未知,2,主要就在湖上坐船游览一下就可以了。
754,2016-04-30,未知,2,见面不如闻名啊，150的门票，贵贵贵
755,2016-04-21,未知,1,差评。一点都不美，全部都是大树。
756,2016-04-21,未知,2,普通免费公园的景色，却收180元的门票，宰人！
757,2016-04-19,未知,1,我对瘦西湖的历史比较了解，清朝年间这里是休闲酒店聚集区。但现在也就剩下“一条河”了。今年旺季门票180元，哈哈，真敢开价！
758,2016-04-10,未知,2,150块一个人，就是去看人的，不推荐。
759,2016-04-04,未知,1,真是不值得去。门票很贵里面项目还花钱。推荐绕着外圈走走省门票。
760,2016-03-28,未知,1,门票比北京故宫还TNN的贵！比颐和园贵三倍多！
761,2016-03-15,未知,1,南京玄武湖，杭州西湖，一分钱不要敞开。这个级别只不过是人民公园的级别，居然好意思收150的门票钱！钱是小事，关键是园区无甚可看，都是人造后来的景致。相比之下，九寨沟门票价太良心。
762,2016-03-03,未知,2,150块一张门票，感觉非常不值得。就是个园子罢了，完全不推荐。
763,2016-02-25,未知,2,门票太贵，性价比太差！！！！！！
764,2016-02-13,未知,2,景区比想像中的要大，景色优美，至少需要花4个小时才能完成游览，建议初次游览的客人，注意游览线路很重要。
765,2016-02-11,未知,1,太差太差太差太差就一个小公园还收那么贵，不收钱都不去
766,2016-02-11,未知,2,几乎无性价比，管理太差了。小小的瘦西湖上有那么多船要开水太差了。好好学学漓江，那里的山水甲天下主要源于管理船只限流
767,2016-01-12,未知,2,冬日去还是没什么景色的，就是一很平常公园，这样的地方这样的景色其实是不该设门票的。
768,2016-01-06,未知,2,冬天不值得去瘦西湖啊，光秃秃的没有景色，没有春夏之际去好
769,2015-12-29,未知,1,差到极点的景点，一百二的门票，里面一个破亭子都算景点，寥寥无几的几个人，感觉应该免费，此生不会再来第二次！
770,2015-12-20,未知,2,扬州的瘦西湖嘉誉天下，只是此次细游后感觉扬州当地政府有挟风景疯狂敛财之嫌，可能是当地没有什么支柱经济的缘故，故此把古人留给后人的人文景观当成了敛财工具，高价收费自毁名誉。
771,2015-12-02,未知,2,不值得去，景色和配套更好的西湖和玄武湖都免票，150的票价真的不值得
772,2015-11-24,未知,1,门票太贵，150元还不含坐船，景色并不如西湖
773,2015-11-24,未知,1,真心没什么好玩的～都是后来修复的～一点历史底蕴也体现不出来了
774,2015-11-16,未知,2,不太推荐，主要是人文景致，观赏性不强，性价比一般
775,2015-10-26,未知,1,没啥，真心觉得一般，连检票的都牛轰轰的。
776,2015-10-20,未知,1,别去了，太尼玛黑，150的门票里面鬼都没有看的。想钱想疯了，扬州一个渣渣的地方，怪不得苏南瞧不起苏北呢。
777,2015-10-17,未知,1,骗钱的地方，景点比杭州西湖小的可怜，门票贵的要死，就是杭州西湖山寨版加超迷你版，不推介
778,2015-10-16,未知,2,其实就是一条河，硬是叫瘦湖。欺诈嫌疑，还觉得起名挺好呢
779,2015-10-16,未知,1,这个秩序很差，京费用很贵，景区为了赚钱，湖上已经都是船了，也不限流
780,2015-10-16,未知,1,玩要春天玩，不然没花看，就什么也看不了。
